credit_history_id,borrower_id,account_type,account_age_months,credit_limit,balance_owed,payment_history_score,num_late_payments,num_derogatory_marks,inquiry_last_6months
CH000001,B0001,Auto Loan,119,2500,19340,Good,1,0,4
CH000002,B0002,Mortgage,196,5000,18099,Fair,2,1,1
CH000003,B0002,Student Loan,169,1000,11199,Fair,0,3,0
CH000004,B0002,Personal Loan,61,25000,6302,Good,3,0,2
CH000005,B0002,Auto Loan,172,10000,19347,Good,2,0,1
CH000006,B0002,Mortgage,204,15000,713,Fair,1,0,7
CH000007,B0003,Credit Card,142,15000,14688,Excellent,0,0,2
CH000008,B0003,Auto Loan,144,15000,23243,Poor,1,2,4
CH000009,B0003,Auto Loan,25,2500,25251,Excellent,0,1,3
CH000010,B0003,Auto Loan,104,15000,27303,Good,0,0,1
CH000011,B0003,Credit Card,195,25000,13870,Excellent,1,1,2
CH000012,B0003,Mortgage,213,50000,6850,Good,10,0,1
CH000013,B0003,Auto Loan,72,2500,13563,Excellent,2,1,3
CH000014,B0004,Mortgage,57,50000,19928,Good,0,0,5
CH000015,B0004,Personal Loan,88,15000,9551,Fair,1,2,6
CH000016,B0004,Personal Loan,147,15000,18284,Good,0,0,7
CH000017,B0004,Mortgage,22,2500,14676,Fair,2,0,2
CH000018,B0004,Auto Loan,122,1000,13342,Excellent,1,1,1
CH000019,B0004,Student Loan,58,25000,12970,Fair,0,1,7
CH000020,B0004,Mortgage,46,15000,28828,Excellent,0,1,0
CH000021,B0005,Personal Loan,218,10000,347,Good,2,0,5
CH000022,B0005,Mortgage,70,15000,28979,Good,1,0,1
CH000023,B0005,Auto Loan,47,5000,11159,Good,0,0,4
CH000024,B0005,Mortgage,92,10000,10928,Excellent,0,3,7
CH000025,B0006,Credit Card,113,5000,2285,Good,0,2,3
CH000026,B0006,Mortgage,14,5000,7843,Good,0,1,6
CH000027,B0006,Personal Loan,186,25000,5289,Fair,2,0,4
CH000028,B0006,Student Loan,139,50000,13860,Excellent,0,0,0
CH000029,B0006,Student Loan,49,50000,14882,Good,0,0,3
CH000030,B0007,Credit Card,136,15000,22483,Excellent,0,0,2
CH000031,B0007,Auto Loan,233,5000,18298,Poor,0,0,6
CH000032,B0007,Mortgage,186,1000,10271,Poor,0,0,7
CH000033,B0008,Mortgage,217,50000,28878,Excellent,0,0,0
CH000034,B0008,Auto Loan,194,10000,29677,Excellent,10,0,0
CH000035,B0008,Auto Loan,140,50000,23383,Good,1,2,7
CH000036,B0008,Credit Card,63,5000,20567,Poor,0,3,6
CH000037,B0008,Credit Card,187,50000,3853,Poor,0,0,2
CH000038,B0008,Mortgage,139,50000,25568,Excellent,0,0,7
CH000039,B0008,Mortgage,98,25000,13017,Good,2,0,4
CH000040,B0009,Personal Loan,82,10000,15880,Good,0,0,4
CH000041,B0009,Personal Loan,238,25000,14713,Excellent,2,0,7
CH000042,B0009,Personal Loan,226,25000,12442,Excellent,0,0,0
CH000043,B0009,Credit Card,238,5000,4075,Good,1,2,5
CH000044,B0009,Personal Loan,128,5000,18181,Excellent,1,2,4
CH000045,B0009,Credit Card,90,5000,4746,Fair,1,0,7
CH000046,B0010,Credit Card,26,2500,13410,Good,2,0,5
CH000047,B0010,Personal Loan,42,25000,17862,Good,0,0,3
CH000048,B0010,Personal Loan,164,15000,9703,Poor,0,0,2
CH000049,B0010,Credit Card,42,1000,27177,Excellent,0,2,3
CH000050,B0010,Auto Loan,81,1000,26519,Fair,0,1,7
CH000051,B0011,Student Loan,43,10000,24206,Good,0,0,6
CH000052,B0011,Personal Loan,112,25000,28208,Good,0,0,6
CH000053,B0011,Auto Loan,68,10000,24602,Excellent,1,0,0
CH000054,B0011,Personal Loan,62,10000,23402,Excellent,0,0,4
CH000055,B0011,Mortgage,238,10000,20815,Good,0,0,5
CH000056,B0011,Mortgage,154,25000,27946,Excellent,1,0,3
CH000057,B0011,Auto Loan,87,5000,23880,Excellent,0,1,6
CH000058,B0012,Auto Loan,110,1000,1860,Good,0,0,5
CH000059,B0012,Student Loan,93,50000,19500,Fair,0,0,0
CH000060,B0012,Credit Card,123,1000,12674,Excellent,0,1,5
CH000061,B0012,Auto Loan,77,10000,9432,Good,1,0,0
CH000062,B0012,Auto Loan,153,1000,11310,Excellent,0,0,2
CH000063,B0012,Student Loan,159,5000,27676,Excellent,0,3,2
CH000064,B0012,Student Loan,190,5000,26482,Good,2,1,0
CH000065,B0013,Auto Loan,236,5000,8437,Good,0,0,7
CH000066,B0013,Personal Loan,40,5000,11391,Fair,0,0,6
CH000067,B0013,Auto Loan,29,15000,7391,Excellent,0,0,1
CH000068,B0013,Personal Loan,53,50000,5120,Fair,0,0,2
CH000069,B0014,Student Loan,49,25000,14497,Good,0,2,1
CH000070,B0014,Auto Loan,114,2500,1058,Poor,0,2,2
CH000071,B0015,Auto Loan,200,25000,5660,Excellent,0,1,3
CH000072,B0015,Auto Loan,15,50000,17718,Excellent,0,0,1
CH000073,B0015,Mortgage,161,1000,15003,Good,3,3,2
CH000074,B0015,Mortgage,181,50000,29072,Excellent,1,0,5
CH000075,B0015,Personal Loan,44,2500,2400,Good,1,0,2
CH000076,B0015,Student Loan,79,25000,3536,Good,0,2,3
CH000077,B0016,Credit Card,97,1000,5897,Good,2,0,3
CH000078,B0016,Personal Loan,210,5000,25279,Good,0,1,1
CH000079,B0016,Student Loan,65,2500,9465,Fair,1,1,6
CH000080,B0017,Student Loan,225,15000,3439,Good,0,1,6
CH000081,B0018,Credit Card,35,10000,15883,Good,1,0,1
CH000082,B0018,Student Loan,144,15000,602,Fair,0,0,7
CH000083,B0018,Credit Card,76,25000,7963,Good,0,0,6
CH000084,B0018,Student Loan,40,50000,22829,Good,0,0,7
CH000085,B0019,Student Loan,169,5000,12612,Excellent,0,0,4
CH000086,B0020,Credit Card,83,10000,12762,Good,0,0,6
CH000087,B0020,Credit Card,219,50000,12846,Excellent,2,0,3
CH000088,B0020,Auto Loan,155,15000,29952,Excellent,0,0,6
CH000089,B0020,Personal Loan,228,50000,26170,Good,0,2,4
CH000090,B0020,Auto Loan,10,1000,15021,Fair,0,0,3
CH000091,B0020,Student Loan,31,15000,16236,Good,0,0,1
CH000092,B0021,Personal Loan,232,2500,28932,Poor,0,0,7
CH000093,B0021,Student Loan,25,2500,24019,Good,0,0,2
CH000094,B0021,Student Loan,237,25000,19819,Excellent,1,1,3
CH000095,B0022,Personal Loan,174,2500,7035,Good,1,0,5
CH000096,B0022,Student Loan,38,1000,7979,Excellent,2,0,7
CH000097,B0022,Mortgage,172,15000,23063,Poor,0,0,5
CH000098,B0022,Auto Loan,85,5000,29983,Excellent,0,0,7
CH000099,B0022,Mortgage,81,5000,11429,Good,5,0,6
CH000100,B0022,Personal Loan,122,25000,16628,Excellent,1,1,5
CH000101,B0023,Credit Card,199,10000,9617,Excellent,0,3,7
CH000102,B0023,Personal Loan,15,15000,24240,Good,0,0,3
CH000103,B0023,Personal Loan,24,50000,26331,Excellent,0,0,1
CH000104,B0023,Student Loan,51,5000,4621,Fair,0,0,4
CH000105,B0023,Auto Loan,168,50000,11596,Excellent,0,2,1
CH000106,B0024,Mortgage,64,50000,22830,Good,0,0,1
CH000107,B0024,Credit Card,38,1000,14269,Good,0,0,5
CH000108,B0024,Student Loan,222,50000,15619,Excellent,0,1,6
CH000109,B0025,Student Loan,14,50000,24424,Excellent,5,0,3
CH000110,B0025,Credit Card,135,15000,11901,Fair,2,0,2
CH000111,B0025,Personal Loan,141,10000,8744,Excellent,0,0,7
CH000112,B0025,Auto Loan,133,25000,19160,Poor,1,1,3
CH000113,B0026,Mortgage,42,1000,9487,Good,1,0,5
CH000114,B0027,Credit Card,28,25000,12091,Excellent,0,1,5
CH000115,B0027,Auto Loan,185,15000,8711,Good,0,0,3
CH000116,B0027,Credit Card,232,25000,3093,Fair,0,0,4
CH000117,B0027,Personal Loan,33,2500,6227,Excellent,0,0,1
CH000118,B0027,Personal Loan,73,2500,5289,Good,0,0,5
CH000119,B0027,Student Loan,20,50000,23930,Good,0,0,4
CH000120,B0028,Personal Loan,142,50000,24047,Good,0,0,4
CH000121,B0029,Credit Card,59,25000,3932,Good,1,0,5
CH000122,B0029,Personal Loan,140,10000,10412,Fair,1,0,2
CH000123,B0029,Student Loan,129,50000,17997,Fair,1,0,2
CH000124,B0029,Credit Card,162,5000,5695,Excellent,0,0,3
CH000125,B0029,Personal Loan,90,15000,25360,Good,1,0,1
CH000126,B0029,Student Loan,66,1000,23672,Fair,1,0,0
CH000127,B0029,Student Loan,206,5000,29764,Good,0,0,0
CH000128,B0030,Credit Card,134,15000,12269,Excellent,0,1,5
CH000129,B0030,Mortgage,156,2500,22578,Fair,0,0,2
CH000130,B0030,Auto Loan,224,1000,2243,Fair,0,0,6
CH000131,B0031,Student Loan,31,2500,757,Good,0,0,1
CH000132,B0031,Credit Card,155,15000,22923,Excellent,0,0,5
CH000133,B0032,Auto Loan,181,10000,12552,Excellent,0,0,3
CH000134,B0032,Auto Loan,39,2500,815,Good,0,0,6
CH000135,B0033,Credit Card,151,25000,5526,Excellent,0,2,4
CH000136,B0033,Student Loan,85,50000,20293,Excellent,0,0,0
CH000137,B0033,Auto Loan,214,5000,2460,Good,0,0,6
CH000138,B0033,Auto Loan,181,10000,10390,Excellent,3,1,5
CH000139,B0033,Personal Loan,119,5000,17088,Good,1,0,5
CH000140,B0033,Personal Loan,193,5000,28180,Good,0,0,1
CH000141,B0033,Personal Loan,222,10000,18107,Poor,2,0,1
CH000142,B0034,Student Loan,100,5000,13478,Fair,0,0,0
CH000143,B0034,Personal Loan,70,25000,2628,Good,0,1,3
CH000144,B0034,Mortgage,117,1000,12186,Good,1,3,7
CH000145,B0034,Student Loan,52,2500,4348,Good,1,2,0
CH000146,B0034,Personal Loan,16,2500,5487,Good,1,2,0
CH000147,B0034,Student Loan,138,10000,11158,Good,0,0,2
CH000148,B0035,Auto Loan,53,15000,17434,Good,0,0,4
CH000149,B0035,Auto Loan,119,15000,13463,Good,0,0,4
CH000150,B0036,Auto Loan,71,50000,22384,Excellent,1,1,3
CH000151,B0036,Personal Loan,80,15000,24233,Excellent,0,0,1
CH000152,B0036,Credit Card,203,2500,28109,Fair,0,3,4
CH000153,B0036,Auto Loan,214,5000,27754,Excellent,0,0,5
CH000154,B0036,Personal Loan,29,10000,21565,Excellent,0,0,1
CH000155,B0037,Mortgage,181,15000,12207,Excellent,0,0,1
CH000156,B0037,Credit Card,189,2500,12936,Fair,1,0,4
CH000157,B0037,Credit Card,94,50000,17155,Excellent,3,1,5
CH000158,B0037,Mortgage,145,25000,6579,Excellent,0,0,6
CH000159,B0037,Student Loan,147,25000,642,Good,0,1,5
CH000160,B0037,Mortgage,232,10000,949,Poor,5,0,2
CH000161,B0037,Mortgage,37,5000,9839,Excellent,0,0,5
CH000162,B0038,Student Loan,195,2500,14690,Good,0,1,2
CH000163,B0038,Mortgage,176,10000,2058,Fair,0,1,1
CH000164,B0038,Mortgage,8,10000,6299,Excellent,0,1,7
CH000165,B0038,Student Loan,144,10000,666,Good,0,0,2
CH000166,B0038,Student Loan,154,25000,158,Good,0,0,0
CH000167,B0039,Student Loan,129,50000,2526,Fair,0,1,1
CH000168,B0039,Student Loan,43,5000,11802,Fair,0,0,6
CH000169,B0039,Mortgage,8,2500,24014,Excellent,2,1,7
CH000170,B0040,Personal Loan,69,2500,5645,Excellent,1,1,7
CH000171,B0040,Personal Loan,61,1000,2179,Excellent,0,0,5
CH000172,B0040,Personal Loan,233,25000,16740,Fair,0,1,3
CH000173,B0040,Personal Loan,211,10000,14379,Good,1,1,4
CH000174,B0040,Auto Loan,166,15000,17871,Poor,3,1,5
CH000175,B0041,Student Loan,233,1000,7715,Fair,0,0,7
CH000176,B0041,Personal Loan,195,2500,2369,Fair,0,0,7
CH000177,B0041,Personal Loan,43,5000,23040,Good,1,0,7
CH000178,B0042,Credit Card,13,5000,14252,Fair,0,2,1
CH000179,B0042,Personal Loan,87,5000,1242,Excellent,5,1,1
CH000180,B0042,Credit Card,48,5000,28287,Good,0,0,4
CH000181,B0042,Auto Loan,75,25000,18858,Good,0,1,7
CH000182,B0042,Mortgage,223,5000,13786,Fair,2,0,7
CH000183,B0042,Mortgage,117,5000,22745,Excellent,2,0,4
CH000184,B0042,Auto Loan,78,10000,25274,Excellent,2,0,2
CH000185,B0043,Mortgage,30,25000,5783,Excellent,0,1,1
CH000186,B0043,Personal Loan,165,2500,28767,Good,1,1,7
CH000187,B0043,Personal Loan,209,50000,8075,Good,0,1,3
CH000188,B0043,Credit Card,120,5000,22152,Good,0,0,3
CH000189,B0043,Mortgage,143,2500,13254,Excellent,1,1,0
CH000190,B0043,Mortgage,219,50000,24824,Fair,0,0,6
CH000191,B0043,Mortgage,175,5000,20058,Fair,0,0,0
CH000192,B0044,Credit Card,154,10000,27956,Good,0,1,3
CH000193,B0044,Credit Card,54,2500,22150,Good,0,0,7
CH000194,B0044,Personal Loan,76,15000,27959,Good,1,0,5
CH000195,B0044,Credit Card,218,10000,21050,Good,1,0,4
CH000196,B0044,Auto Loan,193,50000,23978,Fair,0,0,4
CH000197,B0044,Personal Loan,89,10000,23925,Excellent,0,0,6
CH000198,B0045,Student Loan,18,50000,26155,Poor,1,0,3
CH000199,B0045,Credit Card,41,25000,13461,Good,0,0,1
CH000200,B0045,Credit Card,36,15000,4826,Good,0,0,4
CH000201,B0045,Student Loan,198,10000,5443,Good,0,1,4
CH000202,B0045,Student Loan,74,15000,9452,Good,0,0,5
CH000203,B0045,Credit Card,193,25000,7274,Fair,5,2,0
CH000204,B0046,Personal Loan,127,50000,23490,Excellent,1,1,2
CH000205,B0046,Credit Card,204,10000,10255,Good,1,0,6
CH000206,B0047,Personal Loan,11,10000,25594,Good,1,0,2
CH000207,B0047,Personal Loan,173,15000,8785,Poor,10,0,5
CH000208,B0047,Auto Loan,70,25000,14274,Excellent,0,0,6
CH000209,B0047,Auto Loan,132,1000,2256,Excellent,0,0,1
CH000210,B0047,Credit Card,195,10000,17897,Good,5,1,5
CH000211,B0048,Auto Loan,97,15000,3275,Poor,0,0,1
CH000212,B0048,Auto Loan,185,15000,4764,Fair,0,0,0
CH000213,B0048,Credit Card,236,5000,4316,Excellent,0,0,3
CH000214,B0048,Auto Loan,193,50000,23940,Excellent,0,0,7
CH000215,B0048,Mortgage,52,1000,25538,Excellent,0,2,4
CH000216,B0049,Credit Card,175,10000,5213,Good,2,2,3
CH000217,B0049,Credit Card,164,10000,2708,Good,1,0,1
CH000218,B0049,Auto Loan,105,1000,3770,Excellent,3,0,0
CH000219,B0049,Student Loan,21,25000,13973,Fair,0,0,2
CH000220,B0049,Auto Loan,67,15000,3535,Good,0,0,1
CH000221,B0050,Student Loan,93,5000,21493,Good,2,0,1
CH000222,B0050,Auto Loan,86,25000,236,Excellent,3,0,1
CH000223,B0051,Personal Loan,81,1000,6339,Fair,0,0,4
CH000224,B0051,Credit Card,138,50000,6961,Excellent,0,0,7
CH000225,B0051,Credit Card,50,15000,15131,Good,5,1,4
CH000226,B0052,Auto Loan,126,50000,11643,Good,0,0,4
CH000227,B0052,Personal Loan,136,5000,13074,Good,3,0,4
CH000228,B0052,Mortgage,69,15000,17729,Excellent,1,0,2
CH000229,B0052,Personal Loan,8,25000,1740,Good,2,1,7
CH000230,B0052,Credit Card,45,2500,961,Excellent,0,0,7
CH000231,B0052,Mortgage,118,15000,25350,Excellent,0,0,3
CH000232,B0053,Auto Loan,212,15000,24855,Good,5,0,1
CH000233,B0053,Mortgage,71,25000,13384,Excellent,0,0,5
CH000234,B0053,Credit Card,211,2500,8108,Good,1,0,2
CH000235,B0053,Mortgage,203,15000,594,Good,0,0,7
CH000236,B0053,Auto Loan,180,10000,10653,Good,0,0,4
CH000237,B0053,Credit Card,137,1000,17293,Fair,1,0,1
CH000238,B0054,Mortgage,134,2500,10135,Poor,0,0,1
CH000239,B0054,Personal Loan,159,5000,19122,Excellent,1,0,7
CH000240,B0054,Credit Card,140,15000,29299,Fair,2,0,5
CH000241,B0054,Student Loan,15,15000,18413,Excellent,2,0,7
CH000242,B0054,Auto Loan,146,2500,13156,Excellent,1,0,0
CH000243,B0054,Mortgage,49,25000,29420,Good,1,1,5
CH000244,B0055,Auto Loan,93,1000,1561,Excellent,0,0,2
CH000245,B0055,Student Loan,197,25000,22244,Fair,1,0,4
CH000246,B0055,Credit Card,136,25000,13054,Excellent,0,1,0
CH000247,B0055,Personal Loan,85,50000,21801,Excellent,1,0,0
CH000248,B0055,Student Loan,170,2500,25475,Excellent,2,0,5
CH000249,B0056,Mortgage,207,25000,18688,Excellent,1,2,2
CH000250,B0056,Credit Card,145,50000,24104,Fair,0,1,7
CH000251,B0056,Personal Loan,153,50000,16738,Good,2,0,4
CH000252,B0056,Mortgage,125,5000,4422,Good,0,3,4
CH000253,B0057,Mortgage,105,1000,26532,Good,1,2,3
CH000254,B0057,Auto Loan,153,1000,15779,Good,0,0,0
CH000255,B0057,Credit Card,89,15000,19935,Excellent,0,0,5
CH000256,B0057,Student Loan,6,10000,24312,Excellent,0,0,0
CH000257,B0058,Student Loan,119,25000,8408,Good,2,1,1
CH000258,B0058,Personal Loan,201,2500,22058,Excellent,1,0,7
CH000259,B0058,Mortgage,133,2500,20644,Good,1,0,3
CH000260,B0058,Auto Loan,233,50000,21087,Fair,2,0,6
CH000261,B0058,Mortgage,162,10000,11698,Good,0,1,7
CH000262,B0058,Auto Loan,61,50000,17510,Fair,1,2,3
CH000263,B0059,Personal Loan,70,50000,10216,Fair,2,1,1
CH000264,B0059,Student Loan,111,15000,3646,Excellent,0,1,7
CH000265,B0059,Mortgage,190,2500,29403,Good,5,0,6
CH000266,B0059,Personal Loan,147,2500,455,Excellent,0,0,0
CH000267,B0059,Credit Card,238,25000,6387,Poor,1,0,4
CH000268,B0059,Personal Loan,146,5000,15195,Excellent,1,0,5
CH000269,B0060,Student Loan,210,50000,5400,Good,2,1,5
CH000270,B0060,Credit Card,109,2500,7269,Good,3,0,7
CH000271,B0061,Auto Loan,36,10000,24486,Excellent,0,1,5
CH000272,B0061,Auto Loan,160,10000,4561,Fair,0,1,0
CH000273,B0061,Auto Loan,33,1000,2124,Fair,0,0,3
CH000274,B0061,Personal Loan,127,1000,12319,Good,2,0,7
CH000275,B0061,Student Loan,229,50000,7440,Excellent,2,0,1
CH000276,B0062,Student Loan,22,10000,4090,Poor,0,0,0
CH000277,B0062,Credit Card,190,2500,27482,Excellent,0,3,0
CH000278,B0063,Student Loan,113,1000,28832,Poor,3,2,6
CH000279,B0063,Auto Loan,35,1000,14892,Excellent,2,0,3
CH000280,B0063,Personal Loan,37,10000,26892,Excellent,0,0,5
CH000281,B0063,Auto Loan,33,2500,4481,Good,3,0,1
CH000282,B0063,Student Loan,111,10000,8567,Excellent,1,1,4
CH000283,B0063,Credit Card,57,5000,20972,Fair,2,1,7
CH000284,B0063,Student Loan,161,15000,26092,Good,0,0,1
CH000285,B0064,Auto Loan,176,5000,27009,Poor,2,1,1
CH000286,B0064,Mortgage,167,15000,3029,Poor,1,0,3
CH000287,B0064,Student Loan,187,50000,17296,Fair,1,0,5
CH000288,B0065,Credit Card,168,25000,7824,Good,2,0,0
CH000289,B0065,Credit Card,55,1000,17892,Excellent,1,1,1
CH000290,B0065,Personal Loan,19,5000,2682,Poor,0,2,2
CH000291,B0065,Student Loan,73,1000,15946,Fair,1,0,1
CH000292,B0065,Mortgage,36,5000,11383,Excellent,0,0,5
CH000293,B0065,Auto Loan,159,5000,5767,Poor,1,0,2
CH000294,B0065,Credit Card,146,50000,15051,Good,1,0,0
CH000295,B0066,Auto Loan,114,1000,27417,Excellent,3,0,5
CH000296,B0066,Personal Loan,13,25000,18620,Poor,0,0,6
CH000297,B0066,Mortgage,192,25000,8391,Good,0,0,0
CH000298,B0067,Student Loan,184,15000,14134,Good,0,0,4
CH000299,B0067,Auto Loan,216,1000,19844,Excellent,0,0,7
CH000300,B0067,Mortgage,212,15000,26252,Excellent,3,1,2
CH000301,B0067,Mortgage,178,15000,15225,Good,0,3,6
CH000302,B0067,Student Loan,167,5000,14598,Excellent,5,0,0
CH000303,B0068,Credit Card,23,10000,8050,Excellent,1,0,7
CH000304,B0068,Student Loan,113,1000,7450,Fair,0,0,0
CH000305,B0068,Credit Card,54,10000,19280,Good,1,0,6
CH000306,B0068,Credit Card,195,25000,3413,Excellent,0,0,1
CH000307,B0069,Credit Card,178,5000,21725,Fair,0,0,6
CH000308,B0070,Auto Loan,203,5000,11167,Poor,0,3,7
CH000309,B0071,Mortgage,132,50000,21004,Excellent,2,0,0
CH000310,B0071,Student Loan,69,50000,29393,Excellent,1,0,3
CH000311,B0071,Student Loan,9,1000,17309,Fair,1,0,6
CH000312,B0071,Auto Loan,82,25000,4231,Poor,0,0,5
CH000313,B0071,Student Loan,183,5000,9335,Fair,0,2,6
CH000314,B0071,Personal Loan,43,10000,10967,Fair,0,0,7
CH000315,B0071,Mortgage,150,1000,3832,Good,2,1,2
CH000316,B0072,Mortgage,132,1000,21555,Good,0,1,0
CH000317,B0072,Auto Loan,206,1000,17868,Excellent,0,0,1
CH000318,B0072,Auto Loan,80,25000,3751,Good,0,0,0
CH000319,B0072,Student Loan,40,5000,2094,Fair,0,0,1
CH000320,B0072,Personal Loan,117,1000,3299,Good,0,0,3
CH000321,B0072,Personal Loan,90,5000,19990,Excellent,0,0,3
CH000322,B0073,Auto Loan,117,15000,10995,Excellent,2,0,7
CH000323,B0073,Personal Loan,218,10000,1942,Fair,1,2,5
CH000324,B0073,Personal Loan,67,50000,17564,Good,0,0,1
CH000325,B0074,Auto Loan,136,15000,20471,Fair,2,0,1
CH000326,B0074,Credit Card,118,5000,25521,Excellent,0,0,4
CH000327,B0074,Mortgage,180,5000,22754,Fair,1,1,1
CH000328,B0074,Credit Card,30,5000,21894,Good,0,0,3
CH000329,B0074,Mortgage,11,1000,21662,Excellent,2,0,0
CH000330,B0074,Auto Loan,90,1000,12055,Excellent,0,2,1
CH000331,B0074,Mortgage,86,10000,5644,Good,1,2,5
CH000332,B0075,Mortgage,196,15000,16488,Excellent,0,1,2
CH000333,B0075,Auto Loan,88,15000,4537,Excellent,3,0,3
CH000334,B0075,Credit Card,239,15000,19968,Fair,1,3,6
CH000335,B0075,Credit Card,31,10000,27724,Poor,1,0,3
CH000336,B0076,Mortgage,164,25000,7434,Excellent,1,0,2
CH000337,B0076,Student Loan,150,10000,16603,Excellent,2,2,7
CH000338,B0076,Mortgage,35,25000,12025,Excellent,1,2,3
CH000339,B0076,Personal Loan,95,10000,14219,Excellent,3,0,4
CH000340,B0076,Mortgage,29,2500,26567,Excellent,1,0,5
CH000341,B0076,Personal Loan,54,25000,6733,Good,2,3,1
CH000342,B0077,Credit Card,165,1000,3534,Good,0,0,4
CH000343,B0077,Auto Loan,88,50000,12907,Fair,0,0,3
CH000344,B0078,Auto Loan,99,1000,9821,Good,2,3,7
CH000345,B0078,Auto Loan,77,25000,4382,Good,1,0,2
CH000346,B0078,Credit Card,30,5000,27460,Fair,0,0,3
CH000347,B0078,Mortgage,236,5000,29159,Good,0,0,3
CH000348,B0078,Student Loan,43,10000,5012,Good,3,0,6
CH000349,B0078,Student Loan,136,5000,2606,Good,0,0,2
CH000350,B0078,Student Loan,7,1000,5922,Fair,0,1,4
CH000351,B0079,Mortgage,117,25000,27476,Poor,2,2,4
CH000352,B0079,Credit Card,122,2500,11412,Good,0,1,0
CH000353,B0079,Credit Card,29,1000,13861,Excellent,0,0,1
CH000354,B0079,Mortgage,100,2500,26646,Good,0,0,0
CH000355,B0079,Student Loan,210,15000,17600,Excellent,3,1,1
CH000356,B0079,Student Loan,159,50000,23246,Good,0,0,2
CH000357,B0079,Student Loan,207,25000,12084,Fair,2,0,2
CH000358,B0080,Auto Loan,9,15000,22595,Excellent,0,0,2
CH000359,B0080,Personal Loan,167,25000,3447,Excellent,0,0,6
CH000360,B0080,Personal Loan,149,2500,9445,Good,0,0,5
CH000361,B0080,Mortgage,204,5000,10712,Good,0,3,1
CH000362,B0080,Student Loan,92,5000,4204,Fair,0,0,5
CH000363,B0080,Personal Loan,59,15000,11877,Excellent,0,0,5
CH000364,B0080,Personal Loan,78,50000,10407,Excellent,0,0,0
CH000365,B0081,Mortgage,39,25000,8753,Good,2,0,5
CH000366,B0081,Mortgage,59,5000,7248,Excellent,0,2,0
CH000367,B0081,Mortgage,230,5000,10230,Excellent,0,1,1
CH000368,B0081,Auto Loan,209,2500,22540,Excellent,0,0,3
CH000369,B0081,Personal Loan,8,25000,19930,Excellent,0,0,7
CH000370,B0081,Mortgage,195,1000,13123,Excellent,1,0,3
CH000371,B0081,Credit Card,221,15000,12008,Fair,1,0,6
CH000372,B0082,Credit Card,31,1000,20030,Good,2,0,4
CH000373,B0082,Credit Card,203,10000,27308,Fair,0,0,5
CH000374,B0082,Student Loan,208,15000,22335,Fair,2,0,2
CH000375,B0082,Personal Loan,35,15000,27685,Fair,2,2,3
CH000376,B0082,Personal Loan,117,25000,7188,Excellent,0,0,4
CH000377,B0082,Student Loan,171,10000,7370,Excellent,0,0,1
CH000378,B0082,Mortgage,196,15000,18454,Good,0,0,5
CH000379,B0083,Mortgage,67,50000,19674,Good,0,0,5
CH000380,B0083,Auto Loan,38,10000,25822,Poor,0,2,1
CH000381,B0083,Personal Loan,46,1000,25587,Fair,0,2,7
CH000382,B0083,Auto Loan,223,25000,19706,Excellent,0,2,5
CH000383,B0084,Student Loan,51,10000,29743,Excellent,0,0,7
CH000384,B0084,Credit Card,135,1000,19507,Good,0,0,5
CH000385,B0084,Mortgage,129,50000,1766,Good,1,0,1
CH000386,B0085,Credit Card,139,15000,2490,Excellent,0,0,1
CH000387,B0086,Personal Loan,239,2500,3976,Good,3,0,1
CH000388,B0086,Mortgage,130,50000,7501,Excellent,0,0,6
CH000389,B0086,Mortgage,96,1000,1636,Good,2,0,3
CH000390,B0086,Student Loan,121,2500,29016,Good,0,0,7
CH000391,B0087,Auto Loan,22,25000,9941,Excellent,0,0,6
CH000392,B0087,Personal Loan,21,15000,23809,Good,5,0,2
CH000393,B0087,Credit Card,169,50000,13354,Good,3,0,7
CH000394,B0087,Auto Loan,33,25000,5969,Good,0,0,2
CH000395,B0088,Mortgage,167,50000,28282,Excellent,3,0,6
CH000396,B0088,Student Loan,193,10000,13006,Good,0,0,1
CH000397,B0088,Auto Loan,15,1000,26868,Good,1,0,6
CH000398,B0088,Auto Loan,123,1000,25173,Excellent,3,0,4
CH000399,B0088,Credit Card,89,50000,20010,Fair,0,1,3
CH000400,B0089,Credit Card,238,5000,11148,Excellent,1,0,5
CH000401,B0089,Auto Loan,67,1000,17836,Fair,0,1,1
CH000402,B0089,Auto Loan,199,5000,28173,Fair,3,0,7
CH000403,B0089,Student Loan,60,10000,23405,Good,0,0,0
CH000404,B0089,Credit Card,204,25000,7215,Good,2,0,2
CH000405,B0089,Credit Card,213,2500,12718,Excellent,1,0,0
CH000406,B0089,Auto Loan,61,25000,15629,Excellent,0,0,7
CH000407,B0090,Auto Loan,198,2500,3260,Poor,0,1,4
CH000408,B0090,Student Loan,160,1000,5758,Poor,1,0,1
CH000409,B0091,Mortgage,119,1000,3512,Excellent,2,0,2
CH000410,B0091,Credit Card,170,15000,14013,Good,0,1,7
CH000411,B0091,Personal Loan,109,5000,7365,Fair,2,0,0
CH000412,B0091,Auto Loan,207,2500,20943,Excellent,1,0,5
CH000413,B0092,Personal Loan,90,1000,28077,Excellent,0,1,4
CH000414,B0092,Credit Card,152,10000,18374,Good,0,2,1
CH000415,B0092,Mortgage,229,1000,26863,Good,0,0,5
CH000416,B0093,Personal Loan,21,10000,16204,Good,0,0,4
CH000417,B0093,Mortgage,14,5000,26008,Good,1,0,2
CH000418,B0093,Personal Loan,207,25000,18588,Fair,0,1,2
CH000419,B0093,Credit Card,111,1000,11385,Good,0,1,0
CH000420,B0093,Auto Loan,186,25000,23711,Excellent,5,3,1
CH000421,B0093,Student Loan,113,25000,17218,Good,1,1,2
CH000422,B0094,Personal Loan,219,50000,10954,Good,0,1,7
CH000423,B0094,Student Loan,111,2500,2563,Excellent,5,0,7
CH000424,B0094,Auto Loan,107,1000,21955,Excellent,0,0,2
CH000425,B0095,Personal Loan,148,5000,19236,Excellent,0,3,6
CH000426,B0095,Personal Loan,20,10000,17223,Fair,0,1,2
CH000427,B0095,Personal Loan,227,25000,25491,Excellent,1,0,6
CH000428,B0095,Auto Loan,194,1000,22029,Good,2,0,2
CH000429,B0095,Personal Loan,118,25000,4959,Good,1,0,7
CH000430,B0095,Credit Card,209,1000,22455,Good,0,3,2
CH000431,B0096,Personal Loan,229,25000,11831,Good,0,0,0
CH000432,B0096,Student Loan,231,2500,2628,Excellent,0,0,5
CH000433,B0097,Student Loan,23,15000,4066,Good,1,0,3
CH000434,B0097,Mortgage,24,10000,22240,Fair,0,1,5
CH000435,B0097,Auto Loan,163,5000,8437,Good,0,0,1
CH000436,B0097,Auto Loan,24,50000,21816,Fair,1,0,3
CH000437,B0097,Student Loan,9,25000,5891,Good,0,0,4
CH000438,B0097,Personal Loan,80,50000,27978,Good,2,0,5
CH000439,B0098,Mortgage,177,10000,17745,Excellent,0,0,6
CH000440,B0098,Auto Loan,163,25000,11345,Excellent,0,0,1
CH000441,B0099,Auto Loan,102,25000,26850,Fair,2,0,7
CH000442,B0099,Mortgage,133,15000,10758,Excellent,1,1,3
CH000443,B0099,Personal Loan,47,15000,2413,Excellent,5,2,1
CH000444,B0100,Mortgage,55,5000,4514,Poor,10,0,5
CH000445,B0100,Student Loan,229,1000,13523,Excellent,3,1,2
CH000446,B0100,Personal Loan,207,2500,24429,Fair,1,0,4
CH000447,B0101,Auto Loan,132,5000,26173,Good,0,2,5
CH000448,B0101,Student Loan,79,25000,3830,Good,0,0,3
CH000449,B0101,Auto Loan,128,10000,1955,Good,1,0,0
CH000450,B0101,Personal Loan,69,10000,3644,Good,1,2,6
CH000451,B0102,Auto Loan,158,15000,15173,Good,1,1,3
CH000452,B0102,Credit Card,110,50000,5855,Fair,2,0,6
CH000453,B0102,Mortgage,216,1000,22107,Good,0,0,2
CH000454,B0103,Auto Loan,112,50000,16962,Good,10,0,1
CH000455,B0103,Personal Loan,91,2500,24440,Excellent,3,2,3
CH000456,B0103,Personal Loan,101,2500,10252,Poor,1,0,3
CH000457,B0103,Credit Card,200,15000,22580,Good,0,0,5
CH000458,B0103,Mortgage,177,50000,1600,Excellent,0,1,5
CH000459,B0103,Personal Loan,225,25000,14109,Excellent,3,1,2
CH000460,B0103,Auto Loan,57,50000,5308,Fair,0,1,3
CH000461,B0104,Credit Card,123,50000,19615,Excellent,0,0,0
CH000462,B0104,Personal Loan,215,50000,20473,Excellent,1,2,4
CH000463,B0104,Auto Loan,29,1000,18782,Excellent,0,1,6
CH000464,B0104,Personal Loan,20,2500,20977,Excellent,0,0,2
CH000465,B0104,Credit Card,37,15000,27075,Poor,5,0,6
CH000466,B0105,Auto Loan,169,5000,2824,Fair,0,0,2
CH000467,B0105,Personal Loan,212,25000,3767,Good,1,0,7
CH000468,B0105,Mortgage,231,5000,17307,Fair,1,1,3
CH000469,B0105,Personal Loan,147,25000,21134,Good,0,1,7
CH000470,B0106,Mortgage,68,10000,11981,Excellent,0,0,6
CH000471,B0106,Mortgage,212,15000,16962,Good,0,2,7
CH000472,B0106,Mortgage,143,1000,8163,Poor,0,0,7
CH000473,B0106,Student Loan,62,15000,11748,Excellent,5,0,4
CH000474,B0106,Student Loan,184,15000,27498,Fair,2,0,1
CH000475,B0107,Credit Card,91,2500,10807,Fair,5,2,6
CH000476,B0107,Student Loan,154,2500,15065,Fair,1,3,1
CH000477,B0107,Student Loan,118,25000,2175,Excellent,1,0,0
CH000478,B0107,Student Loan,27,50000,18822,Fair,0,1,6
CH000479,B0107,Auto Loan,24,50000,8644,Poor,0,0,0
CH000480,B0107,Student Loan,181,50000,23310,Poor,0,0,5
CH000481,B0108,Credit Card,218,5000,15471,Good,0,0,6
CH000482,B0108,Student Loan,15,25000,9449,Good,0,0,7
CH000483,B0108,Personal Loan,206,50000,15693,Fair,3,1,5
CH000484,B0108,Auto Loan,13,5000,8558,Good,3,0,1
CH000485,B0108,Auto Loan,195,10000,16382,Excellent,1,0,5
CH000486,B0108,Student Loan,208,15000,689,Excellent,0,0,4
CH000487,B0109,Credit Card,91,2500,16813,Excellent,0,0,4
CH000488,B0109,Student Loan,21,25000,2996,Excellent,0,0,7
CH000489,B0109,Personal Loan,160,1000,28432,Excellent,0,2,2
CH000490,B0109,Credit Card,194,2500,21881,Fair,3,0,5
CH000491,B0109,Auto Loan,178,5000,12901,Excellent,0,1,0
CH000492,B0109,Credit Card,236,15000,6074,Good,0,0,7
CH000493,B0110,Auto Loan,133,5000,3333,Excellent,3,0,2
CH000494,B0110,Student Loan,224,15000,16636,Excellent,5,0,5
CH000495,B0110,Credit Card,208,50000,10472,Fair,3,0,5
CH000496,B0111,Credit Card,222,5000,4856,Good,0,1,2
CH000497,B0111,Student Loan,64,50000,19278,Good,0,0,4
CH000498,B0111,Personal Loan,127,10000,6598,Excellent,0,0,6
CH000499,B0111,Mortgage,212,10000,14306,Fair,0,0,5
CH000500,B0111,Student Loan,101,25000,17084,Fair,0,2,1
CH000501,B0112,Student Loan,91,5000,2612,Excellent,1,1,6
CH000502,B0112,Personal Loan,69,50000,24552,Fair,0,0,1
CH000503,B0113,Student Loan,135,2500,13554,Excellent,0,2,7
CH000504,B0113,Student Loan,196,25000,7316,Fair,1,0,7
CH000505,B0113,Auto Loan,32,1000,28305,Fair,1,0,2
CH000506,B0113,Credit Card,109,2500,25968,Good,0,0,0
CH000507,B0114,Auto Loan,188,5000,2818,Fair,0,1,0
CH000508,B0114,Personal Loan,137,15000,26464,Excellent,1,0,2
CH000509,B0115,Mortgage,160,2500,13065,Excellent,0,1,3
CH000510,B0115,Mortgage,134,5000,19650,Good,2,0,4
CH000511,B0116,Auto Loan,54,10000,21070,Good,2,0,6
CH000512,B0117,Auto Loan,239,2500,19075,Fair,0,0,6
CH000513,B0117,Credit Card,211,1000,23668,Excellent,0,0,1
CH000514,B0117,Auto Loan,42,2500,19163,Poor,0,1,4
CH000515,B0118,Student Loan,87,10000,7873,Good,2,0,2
CH000516,B0118,Auto Loan,58,1000,22743,Excellent,1,0,6
CH000517,B0118,Auto Loan,152,15000,1995,Excellent,10,0,6
CH000518,B0118,Student Loan,220,50000,14466,Excellent,0,2,6
CH000519,B0119,Credit Card,203,5000,22499,Fair,1,0,0
CH000520,B0119,Credit Card,217,2500,6589,Fair,0,1,0
CH000521,B0120,Personal Loan,29,5000,26952,Good,2,0,6
CH000522,B0121,Auto Loan,38,25000,15930,Good,2,0,0
CH000523,B0121,Personal Loan,201,5000,2371,Good,0,0,0
CH000524,B0121,Personal Loan,215,1000,4312,Good,3,0,7
CH000525,B0121,Student Loan,123,15000,15935,Excellent,0,0,2
CH000526,B0121,Credit Card,67,5000,7532,Good,2,0,1
CH000527,B0122,Auto Loan,37,50000,27016,Good,10,0,3
CH000528,B0122,Student Loan,19,10000,23265,Good,0,0,7
CH000529,B0122,Credit Card,37,1000,25755,Good,0,0,6
CH000530,B0122,Auto Loan,85,25000,23983,Good,2,0,0
CH000531,B0122,Student Loan,210,2500,371,Good,10,1,4
CH000532,B0123,Credit Card,20,10000,4315,Excellent,0,0,3
CH000533,B0123,Mortgage,231,10000,3546,Good,2,0,4
CH000534,B0123,Personal Loan,156,1000,3249,Fair,0,0,5
CH000535,B0123,Personal Loan,56,1000,17809,Excellent,10,0,2
CH000536,B0124,Student Loan,148,10000,16686,Good,2,2,0
CH000537,B0124,Auto Loan,238,5000,12198,Good,0,2,6
CH000538,B0124,Mortgage,162,10000,27757,Good,0,0,6
CH000539,B0124,Personal Loan,118,2500,10467,Fair,0,1,1
CH000540,B0125,Auto Loan,127,25000,27367,Excellent,1,3,0
CH000541,B0126,Auto Loan,25,25000,7687,Fair,0,0,1
CH000542,B0126,Student Loan,113,2500,15782,Good,1,1,3
CH000543,B0126,Auto Loan,191,50000,23563,Good,0,0,2
CH000544,B0126,Student Loan,11,2500,29040,Good,1,1,3
CH000545,B0127,Credit Card,20,15000,28849,Excellent,0,0,4
CH000546,B0127,Credit Card,110,5000,28892,Fair,0,1,4
CH000547,B0127,Auto Loan,8,1000,27115,Excellent,3,1,6
CH000548,B0127,Credit Card,216,50000,17659,Fair,0,0,1
CH000549,B0127,Student Loan,123,25000,13218,Excellent,0,2,6
CH000550,B0127,Personal Loan,168,2500,7662,Excellent,0,1,2
CH000551,B0128,Personal Loan,114,25000,3911,Good,2,1,2
CH000552,B0128,Auto Loan,47,1000,24605,Excellent,1,0,7
CH000553,B0128,Credit Card,112,5000,14497,Fair,3,0,2
CH000554,B0128,Mortgage,35,15000,14178,Poor,0,0,0
CH000555,B0128,Mortgage,91,50000,19775,Excellent,0,0,6
CH000556,B0129,Credit Card,169,50000,28089,Excellent,0,1,7
CH000557,B0130,Student Loan,161,2500,16519,Poor,1,2,0
CH000558,B0131,Personal Loan,209,1000,29477,Fair,2,0,7
CH000559,B0131,Mortgage,221,2500,12910,Good,0,0,1
CH000560,B0131,Mortgage,62,2500,8530,Good,0,0,3
CH000561,B0131,Personal Loan,55,15000,20702,Excellent,0,1,3
CH000562,B0131,Student Loan,164,15000,21307,Good,2,1,1
CH000563,B0131,Mortgage,169,10000,5840,Good,0,0,0
CH000564,B0132,Credit Card,190,1000,14319,Excellent,0,0,0
CH000565,B0132,Mortgage,103,1000,7804,Excellent,0,0,3
CH000566,B0132,Personal Loan,226,5000,24344,Excellent,2,0,5
CH000567,B0133,Auto Loan,62,15000,17167,Excellent,2,2,6
CH000568,B0133,Personal Loan,36,5000,21651,Excellent,5,0,2
CH000569,B0133,Credit Card,204,25000,11593,Excellent,0,0,3
CH000570,B0133,Student Loan,215,50000,2656,Good,2,0,5
CH000571,B0134,Mortgage,190,15000,23648,Good,0,0,4
CH000572,B0134,Student Loan,209,2500,7673,Fair,0,0,1
CH000573,B0135,Personal Loan,32,50000,29146,Excellent,0,1,3
CH000574,B0135,Personal Loan,218,15000,5905,Good,1,0,4
CH000575,B0135,Credit Card,189,15000,11005,Good,2,0,5
CH000576,B0135,Mortgage,185,1000,1191,Excellent,0,0,7
CH000577,B0135,Credit Card,201,10000,4908,Good,2,0,0
CH000578,B0136,Auto Loan,59,50000,8366,Poor,0,0,5
CH000579,B0137,Personal Loan,176,5000,21831,Good,1,0,3
CH000580,B0137,Mortgage,148,10000,16208,Good,2,3,1
CH000581,B0137,Mortgage,141,50000,27273,Excellent,0,0,5
CH000582,B0138,Personal Loan,142,1000,19731,Fair,1,0,3
CH000583,B0138,Credit Card,153,10000,3247,Good,1,1,0
CH000584,B0138,Student Loan,19,5000,8262,Good,0,1,2
CH000585,B0138,Auto Loan,7,2500,19324,Good,0,0,6
CH000586,B0139,Personal Loan,9,25000,8766,Good,0,1,2
CH000587,B0139,Student Loan,75,5000,25878,Poor,0,0,7
CH000588,B0139,Auto Loan,210,1000,22740,Fair,1,0,3
CH000589,B0139,Mortgage,41,50000,16566,Fair,0,0,6
CH000590,B0139,Auto Loan,35,2500,29693,Fair,3,0,1
CH000591,B0139,Personal Loan,70,25000,23057,Excellent,0,0,0
CH000592,B0140,Credit Card,181,50000,28658,Poor,2,0,6
CH000593,B0140,Personal Loan,127,10000,6606,Fair,0,0,2
CH000594,B0140,Credit Card,194,1000,26840,Fair,0,0,7
CH000595,B0140,Mortgage,9,50000,17692,Good,1,3,2
CH000596,B0140,Credit Card,106,2500,20455,Excellent,0,0,0
CH000597,B0140,Credit Card,231,1000,2995,Good,0,0,6
CH000598,B0141,Mortgage,14,50000,160,Excellent,0,0,1
CH000599,B0141,Mortgage,90,50000,13794,Excellent,0,0,3
CH000600,B0141,Personal Loan,136,10000,23043,Good,2,0,2
CH000601,B0141,Auto Loan,234,15000,3708,Good,1,1,3
CH000602,B0141,Student Loan,219,50000,19428,Excellent,0,1,2
CH000603,B0141,Student Loan,234,25000,13073,Poor,3,3,3
CH000604,B0142,Auto Loan,194,25000,26710,Excellent,0,0,4
CH000605,B0142,Auto Loan,54,25000,25015,Fair,1,0,0
CH000606,B0142,Credit Card,165,50000,16652,Good,0,1,1
CH000607,B0142,Personal Loan,164,2500,25965,Poor,0,0,4
CH000608,B0142,Personal Loan,131,10000,8083,Fair,0,0,3
CH000609,B0142,Personal Loan,219,2500,1327,Excellent,0,0,1
CH000610,B0142,Mortgage,73,25000,18820,Excellent,1,0,3
CH000611,B0143,Personal Loan,170,5000,22102,Good,3,1,3
CH000612,B0143,Student Loan,221,1000,13876,Fair,0,0,6
CH000613,B0143,Credit Card,137,5000,24970,Good,0,0,3
CH000614,B0144,Personal Loan,206,10000,25852,Excellent,0,0,5
CH000615,B0144,Personal Loan,66,10000,16854,Excellent,0,1,3
CH000616,B0144,Personal Loan,144,15000,3086,Poor,0,3,7
CH000617,B0144,Auto Loan,35,25000,21400,Good,3,0,0
CH000618,B0144,Auto Loan,200,1000,28136,Good,2,0,2
CH000619,B0145,Mortgage,6,25000,24125,Fair,2,0,2
CH000620,B0145,Credit Card,156,5000,20652,Excellent,0,0,1
CH000621,B0145,Personal Loan,98,10000,5322,Good,1,0,6
CH000622,B0145,Mortgage,91,5000,4721,Good,0,1,6
CH000623,B0145,Personal Loan,160,25000,12719,Excellent,2,1,6
CH000624,B0146,Auto Loan,37,15000,26662,Fair,0,1,7
CH000625,B0146,Mortgage,233,1000,13807,Good,0,0,7
CH000626,B0147,Mortgage,108,25000,26761,Fair,0,0,3
CH000627,B0147,Credit Card,233,2500,17061,Good,0,0,2
CH000628,B0148,Mortgage,56,1000,24465,Good,0,0,6
CH000629,B0149,Auto Loan,50,50000,10069,Excellent,5,0,3
CH000630,B0150,Auto Loan,109,1000,1868,Fair,1,0,6
CH000631,B0150,Auto Loan,29,2500,18940,Excellent,0,0,4
CH000632,B0150,Personal Loan,14,25000,2821,Fair,0,1,4
CH000633,B0150,Mortgage,202,1000,27018,Fair,1,0,4
CH000634,B0151,Student Loan,151,1000,653,Fair,0,1,3
CH000635,B0151,Credit Card,90,2500,9472,Poor,2,2,5
CH000636,B0152,Credit Card,183,15000,21623,Fair,0,1,3
CH000637,B0152,Mortgage,11,15000,22717,Excellent,0,0,3
CH000638,B0152,Mortgage,234,5000,26292,Excellent,2,0,0
CH000639,B0152,Auto Loan,71,1000,26234,Fair,0,0,4
CH000640,B0152,Credit Card,231,5000,26504,Good,5,0,4
CH000641,B0152,Personal Loan,198,5000,28740,Excellent,5,1,0
CH000642,B0152,Credit Card,237,15000,15494,Excellent,1,0,0
CH000643,B0153,Auto Loan,204,50000,7121,Fair,1,0,6
CH000644,B0153,Mortgage,19,10000,6957,Excellent,1,1,4
CH000645,B0153,Student Loan,222,25000,15333,Excellent,0,0,7
CH000646,B0153,Credit Card,223,5000,2636,Good,0,0,0
CH000647,B0154,Student Loan,90,25000,20181,Good,0,0,2
CH000648,B0154,Credit Card,34,50000,19574,Good,0,0,1
CH000649,B0154,Credit Card,27,1000,20171,Fair,3,1,4
CH000650,B0154,Personal Loan,223,5000,26247,Good,0,0,4
CH000651,B0154,Credit Card,92,15000,12936,Good,0,0,6
CH000652,B0154,Auto Loan,8,5000,2802,Fair,0,0,1
CH000653,B0154,Auto Loan,6,25000,25016,Excellent,0,0,0
CH000654,B0155,Mortgage,22,50000,18799,Excellent,0,0,5
CH000655,B0155,Credit Card,145,15000,24690,Excellent,0,0,3
CH000656,B0155,Student Loan,83,25000,22821,Good,2,0,6
CH000657,B0155,Student Loan,21,25000,17743,Poor,0,0,5
CH000658,B0155,Credit Card,172,1000,1906,Poor,1,1,6
CH000659,B0155,Personal Loan,163,1000,22447,Excellent,1,2,6
CH000660,B0156,Credit Card,145,1000,5620,Excellent,0,1,4
CH000661,B0156,Student Loan,70,1000,7177,Good,1,0,5
CH000662,B0156,Auto Loan,223,1000,27540,Poor,0,0,5
CH000663,B0156,Credit Card,76,1000,19018,Poor,1,0,2
CH000664,B0157,Student Loan,123,10000,27814,Excellent,1,1,5
CH000665,B0157,Mortgage,207,2500,7796,Fair,0,3,6
CH000666,B0157,Credit Card,224,2500,20338,Excellent,0,2,7
CH000667,B0157,Mortgage,235,50000,22955,Excellent,0,2,3
CH000668,B0158,Personal Loan,127,25000,12393,Fair,2,0,7
CH000669,B0158,Personal Loan,72,50000,14012,Good,3,2,7
CH000670,B0158,Personal Loan,7,25000,11079,Good,0,0,2
CH000671,B0158,Auto Loan,186,15000,5462,Excellent,0,0,0
CH000672,B0158,Mortgage,97,1000,62,Good,1,0,4
CH000673,B0159,Personal Loan,220,5000,1984,Good,0,1,7
CH000674,B0160,Student Loan,106,1000,11787,Excellent,1,1,5
CH000675,B0160,Credit Card,47,2500,16070,Good,0,0,1
CH000676,B0160,Credit Card,141,2500,7389,Good,0,0,0
CH000677,B0161,Auto Loan,221,1000,15464,Good,2,2,4
CH000678,B0161,Personal Loan,168,15000,18883,Excellent,3,1,5
CH000679,B0161,Student Loan,168,25000,4960,Good,0,1,0
CH000680,B0161,Student Loan,148,25000,21207,Good,0,1,3
CH000681,B0162,Credit Card,223,5000,21930,Excellent,1,0,7
CH000682,B0162,Personal Loan,17,50000,18279,Excellent,0,0,4
CH000683,B0162,Credit Card,40,50000,12864,Excellent,0,0,2
CH000684,B0162,Mortgage,47,15000,8594,Poor,5,0,6
CH000685,B0163,Student Loan,131,50000,29515,Excellent,0,0,7
CH000686,B0163,Credit Card,54,2500,26236,Good,1,2,7
CH000687,B0163,Personal Loan,197,5000,14629,Fair,0,0,1
CH000688,B0163,Mortgage,29,50000,18033,Excellent,0,0,3
CH000689,B0164,Student Loan,237,2500,29373,Excellent,2,0,6
CH000690,B0164,Personal Loan,214,50000,28687,Excellent,1,1,4
CH000691,B0164,Auto Loan,25,2500,13347,Fair,0,1,7
CH000692,B0164,Mortgage,25,10000,20861,Excellent,1,1,4
CH000693,B0164,Mortgage,138,5000,21943,Good,2,0,1
CH000694,B0164,Credit Card,216,50000,3403,Good,1,0,4
CH000695,B0164,Auto Loan,46,5000,11509,Excellent,0,0,7
CH000696,B0165,Auto Loan,236,25000,24977,Excellent,0,1,7
CH000697,B0165,Auto Loan,232,2500,19896,Good,0,0,5
CH000698,B0165,Auto Loan,231,25000,13879,Excellent,10,0,4
CH000699,B0165,Student Loan,116,10000,426,Fair,0,0,6
CH000700,B0165,Auto Loan,187,50000,1373,Good,5,0,2
CH000701,B0165,Auto Loan,29,5000,7837,Excellent,0,0,2
CH000702,B0165,Personal Loan,85,2500,10934,Good,0,1,2
CH000703,B0166,Personal Loan,105,50000,17388,Good,0,0,6
CH000704,B0166,Credit Card,201,15000,20008,Excellent,1,0,3
CH000705,B0166,Personal Loan,178,15000,2919,Fair,0,0,6
CH000706,B0167,Personal Loan,129,25000,20829,Good,2,0,4
CH000707,B0167,Student Loan,77,10000,18120,Good,0,3,1
CH000708,B0167,Auto Loan,144,15000,3048,Fair,0,1,5
CH000709,B0168,Personal Loan,70,5000,29634,Good,2,1,4
CH000710,B0168,Credit Card,148,25000,5837,Good,0,0,7
CH000711,B0168,Mortgage,37,50000,10280,Good,0,0,1
CH000712,B0168,Personal Loan,184,15000,9967,Poor,2,1,2
CH000713,B0168,Mortgage,101,15000,3975,Good,0,0,4
CH000714,B0169,Auto Loan,164,15000,6590,Good,0,0,7
CH000715,B0169,Student Loan,38,5000,6015,Good,0,0,0
CH000716,B0169,Mortgage,150,1000,20064,Poor,2,0,2
CH000717,B0170,Credit Card,143,1000,17820,Good,2,0,7
CH000718,B0170,Credit Card,193,10000,3061,Fair,5,0,1
CH000719,B0170,Student Loan,78,25000,11332,Good,1,0,2
CH000720,B0170,Personal Loan,89,10000,27946,Fair,0,1,4
CH000721,B0170,Personal Loan,174,1000,425,Poor,0,0,5
CH000722,B0170,Credit Card,82,50000,17684,Excellent,0,0,7
CH000723,B0171,Student Loan,62,50000,18423,Excellent,5,1,3
CH000724,B0171,Mortgage,94,15000,27358,Good,2,0,5
CH000725,B0172,Personal Loan,229,5000,13212,Poor,0,1,4
CH000726,B0172,Auto Loan,125,1000,5150,Excellent,0,0,4
CH000727,B0172,Student Loan,135,10000,26146,Excellent,2,1,1
CH000728,B0172,Personal Loan,168,50000,2630,Fair,0,0,5
CH000729,B0172,Mortgage,27,5000,10349,Excellent,1,0,1
CH000730,B0172,Student Loan,14,2500,4323,Good,0,1,1
CH000731,B0172,Student Loan,120,5000,24312,Excellent,2,0,5
CH000732,B0173,Mortgage,48,2500,514,Fair,0,0,5
CH000733,B0173,Auto Loan,212,50000,26844,Excellent,0,0,0
CH000734,B0174,Auto Loan,209,1000,22056,Excellent,0,0,6
CH000735,B0174,Mortgage,122,5000,26201,Fair,1,0,2
CH000736,B0174,Mortgage,220,50000,14305,Poor,3,0,6
CH000737,B0174,Personal Loan,168,15000,18666,Excellent,0,0,0
CH000738,B0175,Credit Card,150,25000,3625,Good,0,0,3
CH000739,B0175,Credit Card,84,50000,28888,Excellent,0,0,4
CH000740,B0176,Credit Card,186,10000,12941,Fair,0,0,4
CH000741,B0176,Student Loan,184,15000,4828,Good,0,0,2
CH000742,B0176,Student Loan,57,1000,21638,Excellent,0,1,2
CH000743,B0176,Mortgage,34,25000,12453,Excellent,0,0,1
CH000744,B0177,Personal Loan,125,2500,23797,Fair,0,0,4
CH000745,B0177,Credit Card,148,1000,50,Good,0,0,1
CH000746,B0177,Personal Loan,54,25000,5748,Good,0,0,5
CH000747,B0177,Credit Card,146,5000,15386,Good,0,0,7
CH000748,B0177,Credit Card,178,25000,27236,Fair,0,0,4
CH000749,B0178,Mortgage,59,5000,26213,Fair,1,0,3
CH000750,B0178,Credit Card,194,15000,15554,Excellent,2,3,0
CH000751,B0178,Mortgage,143,25000,18655,Good,0,0,0
CH000752,B0178,Student Loan,191,25000,16689,Fair,1,0,3
CH000753,B0178,Personal Loan,216,25000,23404,Good,0,0,2
CH000754,B0178,Auto Loan,160,5000,26108,Excellent,2,0,0
CH000755,B0179,Mortgage,53,1000,8948,Poor,3,0,7
CH000756,B0179,Credit Card,12,10000,12400,Good,0,0,6
CH000757,B0179,Mortgage,227,5000,16208,Excellent,0,2,4
CH000758,B0179,Auto Loan,120,5000,27175,Fair,0,1,4
CH000759,B0180,Mortgage,32,1000,17504,Excellent,5,0,4
CH000760,B0180,Credit Card,217,10000,20880,Good,0,1,1
CH000761,B0180,Credit Card,212,10000,10952,Excellent,0,0,6
CH000762,B0181,Mortgage,86,5000,16368,Good,0,3,3
CH000763,B0181,Mortgage,183,1000,21883,Good,0,0,6
CH000764,B0182,Auto Loan,125,1000,24363,Excellent,3,1,1
CH000765,B0182,Student Loan,94,10000,27272,Poor,0,1,2
CH000766,B0182,Mortgage,65,50000,20114,Good,5,0,4
CH000767,B0182,Personal Loan,83,15000,20929,Excellent,1,0,7
CH000768,B0182,Student Loan,52,5000,11059,Fair,0,1,6
CH000769,B0182,Student Loan,183,5000,10139,Fair,1,0,1
CH000770,B0182,Personal Loan,235,10000,15544,Good,0,1,6
CH000771,B0183,Credit Card,56,15000,5153,Excellent,3,0,3
CH000772,B0183,Personal Loan,113,10000,21744,Good,1,3,1
CH000773,B0183,Student Loan,107,1000,16206,Excellent,0,1,1
CH000774,B0183,Student Loan,51,2500,15478,Good,1,3,6
CH000775,B0184,Credit Card,6,1000,24085,Fair,0,0,7
CH000776,B0184,Credit Card,26,1000,3331,Excellent,1,0,3
CH000777,B0184,Mortgage,237,25000,19864,Excellent,0,2,0
CH000778,B0184,Student Loan,168,2500,24589,Good,0,0,3
CH000779,B0184,Credit Card,39,5000,4073,Fair,0,0,6
CH000780,B0184,Auto Loan,72,10000,29075,Good,0,0,7
CH000781,B0184,Mortgage,80,1000,10985,Poor,1,0,2
CH000782,B0185,Personal Loan,26,1000,27256,Fair,5,0,3
CH000783,B0185,Personal Loan,36,2500,20113,Poor,1,0,5
CH000784,B0185,Mortgage,49,2500,14201,Excellent,0,0,0
CH000785,B0185,Credit Card,142,50000,7622,Good,0,0,7
CH000786,B0186,Credit Card,9,50000,25418,Good,5,1,4
CH000787,B0186,Student Loan,196,1000,1294,Fair,0,0,4
CH000788,B0186,Auto Loan,66,50000,25063,Poor,1,0,3
CH000789,B0186,Student Loan,116,10000,12838,Excellent,1,0,1
CH000790,B0186,Personal Loan,41,1000,18905,Excellent,2,0,6
CH000791,B0186,Student Loan,141,15000,6548,Good,2,0,3
CH000792,B0186,Auto Loan,233,15000,3870,Poor,0,0,7
CH000793,B0187,Student Loan,152,2500,20827,Fair,0,1,5
CH000794,B0187,Mortgage,55,15000,19323,Good,0,0,5
CH000795,B0187,Student Loan,210,5000,23483,Fair,0,1,4
CH000796,B0187,Personal Loan,200,15000,10819,Good,2,1,0
CH000797,B0188,Auto Loan,134,50000,14949,Poor,5,0,0
CH000798,B0188,Personal Loan,136,25000,5399,Good,1,0,5
CH000799,B0188,Student Loan,143,50000,3682,Poor,0,0,6
CH000800,B0188,Credit Card,52,1000,26493,Excellent,0,0,6
CH000801,B0188,Student Loan,156,15000,3325,Good,1,0,4
CH000802,B0189,Credit Card,73,25000,27606,Excellent,3,0,6
CH000803,B0189,Personal Loan,70,25000,2246,Poor,1,0,1
CH000804,B0189,Auto Loan,126,50000,24367,Fair,0,0,4
CH000805,B0189,Credit Card,228,25000,6537,Excellent,0,0,5
CH000806,B0189,Student Loan,20,10000,16824,Good,1,0,1
CH000807,B0189,Credit Card,197,15000,28014,Good,0,0,4
CH000808,B0189,Auto Loan,227,50000,8906,Fair,1,1,4
CH000809,B0190,Personal Loan,168,5000,9910,Excellent,0,0,5
CH000810,B0190,Credit Card,173,2500,18668,Good,2,0,2
CH000811,B0190,Student Loan,43,25000,17838,Good,0,0,6
CH000812,B0190,Student Loan,130,25000,25664,Fair,10,0,2
CH000813,B0190,Mortgage,42,1000,4022,Good,0,0,6
CH000814,B0190,Auto Loan,108,5000,5171,Excellent,1,2,3
CH000815,B0191,Mortgage,94,1000,22568,Good,0,0,2
CH000816,B0191,Student Loan,46,5000,8709,Fair,0,0,7
CH000817,B0192,Auto Loan,143,1000,14491,Good,0,0,1
CH000818,B0192,Student Loan,151,50000,13907,Excellent,0,1,0
CH000819,B0193,Auto Loan,39,1000,11408,Good,5,3,0
CH000820,B0193,Personal Loan,216,25000,22573,Excellent,0,0,6
CH000821,B0193,Personal Loan,117,1000,7413,Good,1,0,7
CH000822,B0194,Auto Loan,43,25000,29771,Fair,0,2,6
CH000823,B0194,Student Loan,14,25000,28562,Excellent,0,0,5
CH000824,B0194,Mortgage,104,5000,9002,Fair,5,1,3
CH000825,B0195,Credit Card,52,50000,29593,Fair,3,0,3
CH000826,B0195,Personal Loan,131,15000,1957,Fair,0,0,4
CH000827,B0196,Personal Loan,19,15000,25367,Good,1,0,2
CH000828,B0196,Mortgage,133,50000,26329,Excellent,1,2,6
CH000829,B0196,Auto Loan,26,2500,2872,Good,1,2,7
CH000830,B0196,Student Loan,9,25000,18369,Good,0,0,3
CH000831,B0197,Personal Loan,9,1000,3389,Excellent,0,0,0
CH000832,B0197,Personal Loan,151,1000,16937,Excellent,1,0,3
CH000833,B0197,Auto Loan,40,25000,27714,Excellent,1,1,7
CH000834,B0197,Personal Loan,204,5000,20967,Excellent,0,2,4
CH000835,B0197,Personal Loan,46,2500,16901,Good,2,0,0
CH000836,B0198,Student Loan,191,5000,23820,Good,0,0,1
CH000837,B0199,Auto Loan,210,5000,570,Fair,0,0,5
CH000838,B0199,Student Loan,10,50000,28433,Fair,0,0,4
CH000839,B0199,Personal Loan,33,2500,2049,Excellent,3,0,7
CH000840,B0199,Auto Loan,237,15000,1910,Fair,0,0,1
CH000841,B0199,Credit Card,13,2500,12814,Fair,0,1,2
CH000842,B0199,Personal Loan,54,2500,10257,Good,0,0,0
CH000843,B0200,Personal Loan,57,10000,18857,Good,0,0,6
CH000844,B0200,Credit Card,145,15000,3659,Excellent,0,0,6
CH000845,B0200,Credit Card,143,10000,1358,Excellent,1,0,0
CH000846,B0201,Student Loan,103,50000,9552,Fair,0,1,4
CH000847,B0201,Auto Loan,169,15000,4192,Excellent,3,0,4
CH000848,B0202,Mortgage,74,2500,24232,Fair,3,0,1
CH000849,B0202,Mortgage,73,5000,2778,Good,2,0,1
CH000850,B0202,Credit Card,143,25000,24295,Poor,0,0,5
CH000851,B0203,Credit Card,50,5000,4007,Fair,2,0,2
CH000852,B0203,Auto Loan,47,15000,3354,Good,0,1,6
CH000853,B0203,Personal Loan,151,25000,26766,Fair,0,1,3
CH000854,B0203,Student Loan,172,5000,16543,Good,0,1,2
CH000855,B0203,Student Loan,102,5000,17954,Excellent,0,1,6
CH000856,B0203,Credit Card,151,2500,12939,Fair,0,0,5
CH000857,B0204,Personal Loan,164,10000,5272,Excellent,0,0,0
CH000858,B0204,Student Loan,169,2500,25666,Fair,0,3,5
CH000859,B0204,Mortgage,181,1000,29355,Excellent,0,0,7
CH000860,B0205,Credit Card,76,25000,15076,Good,1,1,3
CH000861,B0205,Credit Card,182,10000,26245,Excellent,0,1,1
CH000862,B0205,Credit Card,109,5000,14659,Good,1,0,5
CH000863,B0206,Student Loan,123,50000,26597,Good,5,1,4
CH000864,B0206,Credit Card,228,5000,16481,Poor,5,3,3
CH000865,B0206,Mortgage,207,25000,2223,Fair,1,1,1
CH000866,B0207,Mortgage,69,10000,18962,Excellent,3,0,3
CH000867,B0207,Auto Loan,122,50000,1949,Excellent,0,1,5
CH000868,B0207,Auto Loan,126,25000,10033,Excellent,3,0,1
CH000869,B0207,Mortgage,185,15000,1071,Good,2,0,7
CH000870,B0208,Credit Card,97,2500,25312,Excellent,2,0,7
CH000871,B0208,Student Loan,114,5000,9883,Excellent,0,0,5
CH000872,B0208,Personal Loan,159,10000,26230,Good,0,0,3
CH000873,B0208,Mortgage,63,5000,27126,Poor,0,0,2
CH000874,B0208,Student Loan,45,5000,5249,Poor,1,0,6
CH000875,B0209,Auto Loan,217,2500,21457,Good,0,2,7
CH000876,B0209,Mortgage,224,50000,29477,Excellent,0,2,6
CH000877,B0209,Credit Card,174,10000,15477,Good,1,0,1
CH000878,B0209,Mortgage,98,25000,27264,Excellent,0,0,6
CH000879,B0209,Credit Card,148,15000,16670,Good,0,0,2
CH000880,B0209,Personal Loan,64,2500,24532,Poor,0,1,7
CH000881,B0210,Personal Loan,65,10000,21941,Excellent,0,1,3
CH000882,B0211,Auto Loan,76,50000,29639,Good,1,0,3
CH000883,B0211,Credit Card,8,25000,862,Good,1,1,6
CH000884,B0211,Auto Loan,112,2500,27780,Good,0,0,6
CH000885,B0211,Mortgage,217,2500,15419,Good,1,0,1
CH000886,B0211,Credit Card,83,10000,25135,Excellent,0,0,0
CH000887,B0211,Student Loan,34,10000,27292,Good,0,1,6
CH000888,B0212,Personal Loan,73,25000,27881,Good,3,0,6
CH000889,B0213,Personal Loan,106,15000,1421,Poor,3,2,1
CH000890,B0214,Auto Loan,191,10000,26092,Excellent,3,0,0
CH000891,B0214,Auto Loan,152,50000,6097,Excellent,0,0,7
CH000892,B0214,Personal Loan,117,50000,8775,Fair,0,0,5
CH000893,B0214,Auto Loan,231,5000,9886,Poor,0,0,6
CH000894,B0215,Student Loan,202,10000,17290,Good,0,0,6
CH000895,B0215,Credit Card,180,25000,22799,Excellent,3,0,0
CH000896,B0215,Credit Card,64,25000,21183,Good,2,0,1
CH000897,B0215,Auto Loan,182,15000,18732,Excellent,5,2,6
CH000898,B0215,Personal Loan,149,25000,22141,Good,0,2,5
CH000899,B0215,Mortgage,195,5000,2640,Fair,0,2,6
CH000900,B0215,Auto Loan,176,2500,7958,Excellent,1,0,7
CH000901,B0216,Auto Loan,171,10000,8619,Good,1,0,1
CH000902,B0216,Auto Loan,117,2500,19954,Fair,0,0,1
CH000903,B0216,Student Loan,134,5000,11663,Good,2,1,4
CH000904,B0216,Credit Card,231,1000,10584,Fair,0,0,7
CH000905,B0216,Personal Loan,209,50000,14316,Good,2,1,3
CH000906,B0216,Credit Card,32,5000,28465,Excellent,0,0,0
CH000907,B0216,Auto Loan,40,5000,14309,Excellent,0,0,7
CH000908,B0217,Credit Card,220,1000,19428,Poor,2,0,6
CH000909,B0217,Student Loan,158,10000,27192,Fair,3,1,1
CH000910,B0217,Student Loan,123,25000,28273,Fair,3,0,5
CH000911,B0217,Student Loan,131,1000,29433,Fair,0,0,5
CH000912,B0217,Auto Loan,129,5000,11329,Excellent,0,0,5
CH000913,B0217,Auto Loan,33,10000,14985,Excellent,5,1,3
CH000914,B0217,Credit Card,169,15000,18779,Excellent,0,0,2
CH000915,B0218,Mortgage,123,10000,27574,Excellent,2,0,0
CH000916,B0218,Credit Card,51,1000,11712,Good,5,1,2
CH000917,B0218,Credit Card,8,10000,15586,Poor,0,0,6
CH000918,B0218,Personal Loan,63,15000,27247,Good,0,0,6
CH000919,B0218,Mortgage,79,1000,24788,Good,0,0,7
CH000920,B0218,Mortgage,39,25000,7139,Good,0,0,7
CH000921,B0219,Mortgage,109,15000,15580,Fair,0,0,2
CH000922,B0219,Personal Loan,91,50000,16588,Good,3,0,4
CH000923,B0220,Credit Card,16,2500,21226,Good,5,0,3
CH000924,B0220,Student Loan,164,50000,21511,Excellent,3,0,5
CH000925,B0220,Credit Card,207,10000,27725,Good,0,0,0
CH000926,B0220,Student Loan,103,1000,14850,Good,0,3,6
CH000927,B0221,Student Loan,226,5000,15921,Good,2,0,7
CH000928,B0222,Auto Loan,158,5000,22951,Excellent,1,0,4
CH000929,B0222,Student Loan,54,5000,11240,Fair,2,1,4
CH000930,B0222,Personal Loan,117,50000,29423,Excellent,0,1,4
CH000931,B0223,Personal Loan,53,50000,8484,Excellent,1,0,6
CH000932,B0223,Credit Card,172,2500,25381,Excellent,3,0,7
CH000933,B0224,Student Loan,149,1000,29777,Fair,0,2,0
CH000934,B0225,Personal Loan,23,25000,27276,Excellent,0,0,0
CH000935,B0225,Mortgage,36,5000,20122,Poor,2,3,0
CH000936,B0225,Credit Card,24,15000,20776,Good,0,0,0
CH000937,B0225,Student Loan,158,2500,4711,Good,0,0,6
CH000938,B0225,Mortgage,11,5000,9924,Good,0,0,1
CH000939,B0226,Student Loan,151,1000,17778,Excellent,1,0,2
CH000940,B0226,Auto Loan,221,15000,711,Excellent,5,0,2
CH000941,B0226,Credit Card,130,15000,13570,Excellent,0,0,4
CH000942,B0226,Mortgage,197,10000,16260,Good,0,0,7
CH000943,B0226,Auto Loan,64,5000,16346,Good,0,0,6
CH000944,B0226,Personal Loan,126,10000,21986,Poor,3,1,4
CH000945,B0226,Credit Card,175,50000,9864,Good,1,2,1
CH000946,B0227,Auto Loan,179,25000,23620,Excellent,1,0,1
CH000947,B0227,Personal Loan,111,50000,7597,Excellent,0,0,2
CH000948,B0227,Personal Loan,126,5000,8361,Excellent,0,0,0
CH000949,B0227,Student Loan,74,5000,1325,Good,0,0,4
CH000950,B0227,Auto Loan,158,25000,9594,Fair,0,2,5
CH000951,B0227,Student Loan,118,50000,20900,Excellent,1,0,4
CH000952,B0228,Credit Card,140,50000,4373,Fair,0,1,0
CH000953,B0229,Auto Loan,55,10000,26236,Good,0,2,1
CH000954,B0229,Mortgage,110,50000,26431,Excellent,0,0,6
CH000955,B0230,Personal Loan,221,2500,1744,Good,1,0,2
CH000956,B0230,Auto Loan,89,25000,28647,Good,0,3,1
CH000957,B0231,Student Loan,235,15000,24140,Excellent,0,0,3
CH000958,B0231,Credit Card,55,50000,29039,Excellent,0,0,4
CH000959,B0232,Credit Card,225,2500,15244,Fair,0,0,2
CH000960,B0233,Personal Loan,136,2500,21162,Excellent,0,0,4
CH000961,B0233,Student Loan,29,25000,12453,Excellent,0,0,4
CH000962,B0233,Mortgage,66,25000,10049,Excellent,0,0,6
CH000963,B0233,Student Loan,28,10000,11687,Excellent,0,0,4
CH000964,B0234,Credit Card,27,1000,18637,Good,0,1,5
CH000965,B0234,Student Loan,232,25000,4803,Fair,0,0,2
CH000966,B0234,Mortgage,176,15000,6798,Excellent,0,0,0
CH000967,B0234,Mortgage,157,2500,11336,Fair,0,1,6
CH000968,B0235,Auto Loan,239,50000,15378,Fair,1,0,2
CH000969,B0235,Credit Card,151,1000,2369,Good,0,1,7
CH000970,B0235,Personal Loan,61,50000,16803,Poor,2,3,1
CH000971,B0236,Personal Loan,222,25000,20276,Excellent,0,0,2
CH000972,B0236,Credit Card,35,2500,3549,Fair,2,0,3
CH000973,B0236,Personal Loan,25,1000,6751,Good,0,0,2
CH000974,B0236,Mortgage,48,5000,15563,Excellent,2,1,4
CH000975,B0236,Credit Card,145,25000,16661,Fair,2,0,3
CH000976,B0236,Mortgage,115,5000,21116,Fair,0,2,3
CH000977,B0236,Credit Card,177,5000,5037,Good,0,0,3
CH000978,B0237,Mortgage,189,1000,16444,Poor,0,0,2
CH000979,B0238,Credit Card,88,5000,29217,Excellent,0,0,2
CH000980,B0238,Personal Loan,174,50000,24730,Excellent,0,1,1
CH000981,B0238,Student Loan,15,5000,15399,Fair,0,0,3
CH000982,B0238,Student Loan,78,5000,21703,Excellent,0,1,6
CH000983,B0238,Auto Loan,30,10000,9977,Fair,0,0,3
CH000984,B0238,Mortgage,116,10000,26099,Fair,0,1,0
CH000985,B0238,Mortgage,127,10000,13872,Fair,0,2,2
CH000986,B0239,Mortgage,150,2500,13432,Good,2,1,0
CH000987,B0239,Credit Card,124,25000,29946,Good,1,0,0
CH000988,B0239,Student Loan,120,50000,6144,Excellent,1,1,2
CH000989,B0239,Credit Card,146,50000,12424,Excellent,2,0,6
CH000990,B0239,Auto Loan,6,25000,1759,Fair,2,0,0
CH000991,B0240,Auto Loan,58,5000,114,Good,0,0,6
CH000992,B0240,Personal Loan,178,5000,19399,Good,3,0,0
CH000993,B0241,Credit Card,53,2500,23005,Fair,0,0,2
CH000994,B0241,Student Loan,121,2500,20553,Excellent,0,0,1
CH000995,B0241,Personal Loan,169,50000,14322,Fair,0,1,7
CH000996,B0241,Auto Loan,96,2500,22612,Fair,0,2,2
CH000997,B0241,Credit Card,121,25000,1031,Good,0,0,7
CH000998,B0242,Mortgage,189,1000,23267,Excellent,0,0,6
CH000999,B0242,Personal Loan,233,50000,22545,Good,0,0,7
CH001000,B0242,Credit Card,168,15000,26379,Good,0,0,0
CH001001,B0243,Credit Card,117,10000,3817,Excellent,0,3,2
CH001002,B0243,Student Loan,186,50000,21151,Fair,1,1,6
CH001003,B0243,Auto Loan,37,15000,22593,Fair,0,0,5
CH001004,B0244,Mortgage,188,50000,1156,Excellent,2,1,2
CH001005,B0245,Credit Card,163,1000,10242,Excellent,0,1,6
CH001006,B0246,Student Loan,94,15000,7458,Excellent,1,3,6
CH001007,B0246,Student Loan,194,10000,16080,Good,0,1,1
CH001008,B0246,Mortgage,176,2500,16167,Good,2,0,7
CH001009,B0246,Student Loan,46,10000,9756,Excellent,1,0,0
CH001010,B0247,Auto Loan,234,25000,27782,Poor,0,0,5
CH001011,B0247,Auto Loan,218,50000,2108,Excellent,0,0,7
CH001012,B0247,Personal Loan,237,2500,15029,Good,0,0,0
CH001013,B0247,Auto Loan,181,5000,13854,Good,0,1,2
CH001014,B0247,Personal Loan,233,50000,14719,Fair,0,0,7
CH001015,B0248,Mortgage,179,50000,31,Good,1,0,6
CH001016,B0248,Student Loan,90,10000,65,Good,1,0,6
CH001017,B0249,Auto Loan,78,50000,23069,Excellent,10,0,6
CH001018,B0249,Personal Loan,52,15000,7018,Excellent,2,0,7
CH001019,B0249,Auto Loan,65,25000,22073,Good,0,1,4
CH001020,B0249,Student Loan,101,15000,15295,Good,0,0,6
CH001021,B0249,Mortgage,42,5000,14136,Fair,0,0,5
CH001022,B0249,Student Loan,107,2500,18,Good,0,0,2
CH001023,B0250,Student Loan,53,50000,28689,Poor,0,0,0
CH001024,B0250,Personal Loan,13,1000,25917,Poor,0,3,6
CH001025,B0250,Credit Card,182,5000,22501,Excellent,0,0,1
CH001026,B0250,Student Loan,230,5000,5442,Poor,3,0,5
CH001027,B0250,Personal Loan,16,10000,15829,Good,0,0,2
CH001028,B0250,Personal Loan,97,25000,11018,Good,0,3,7
CH001029,B0251,Credit Card,80,15000,16832,Good,0,1,0
CH001030,B0251,Personal Loan,234,50000,15357,Excellent,0,1,1
CH001031,B0251,Mortgage,106,10000,1069,Fair,0,0,7
CH001032,B0251,Credit Card,39,15000,7944,Fair,0,0,5
CH001033,B0251,Credit Card,157,15000,11255,Excellent,0,1,5
CH001034,B0251,Auto Loan,215,10000,9122,Fair,2,0,5
CH001035,B0252,Student Loan,162,25000,16110,Excellent,0,3,7
CH001036,B0252,Credit Card,146,5000,6545,Excellent,0,0,6
CH001037,B0252,Auto Loan,122,25000,25059,Good,10,0,4
CH001038,B0252,Auto Loan,190,10000,14986,Poor,2,0,2
CH001039,B0253,Student Loan,119,5000,9108,Good,0,0,0
CH001040,B0253,Student Loan,190,1000,10206,Excellent,0,0,6
CH001041,B0253,Auto Loan,208,2500,5387,Good,0,2,2
CH001042,B0253,Auto Loan,145,15000,5447,Fair,0,0,4
CH001043,B0253,Personal Loan,81,5000,16129,Good,0,0,7
CH001044,B0253,Personal Loan,182,1000,799,Excellent,1,0,4
CH001045,B0253,Student Loan,133,15000,10790,Fair,0,0,0
CH001046,B0254,Auto Loan,196,2500,26290,Good,2,0,4
CH001047,B0254,Auto Loan,18,25000,29342,Excellent,5,0,7
CH001048,B0254,Student Loan,45,15000,12621,Good,1,0,7
CH001049,B0254,Student Loan,223,1000,14656,Poor,0,0,1
CH001050,B0254,Auto Loan,117,5000,21408,Good,1,0,1
CH001051,B0255,Student Loan,73,15000,448,Excellent,3,0,6
CH001052,B0255,Auto Loan,185,10000,24960,Fair,0,0,0
CH001053,B0256,Auto Loan,147,25000,17606,Excellent,0,0,7
CH001054,B0256,Auto Loan,172,5000,9069,Excellent,2,0,6
CH001055,B0256,Personal Loan,77,25000,15548,Excellent,0,2,7
CH001056,B0257,Student Loan,79,50000,14477,Good,0,0,0
CH001057,B0257,Student Loan,208,2500,28971,Excellent,0,0,2
CH001058,B0258,Auto Loan,167,25000,14332,Poor,3,0,6
CH001059,B0258,Personal Loan,196,15000,25647,Excellent,0,0,7
CH001060,B0258,Personal Loan,185,25000,12952,Good,3,2,4
CH001061,B0258,Auto Loan,165,15000,20764,Good,0,0,4
CH001062,B0258,Auto Loan,107,25000,15185,Fair,1,1,1
CH001063,B0259,Student Loan,128,50000,6516,Poor,5,1,7
CH001064,B0259,Mortgage,142,25000,16439,Good,0,0,5
CH001065,B0259,Personal Loan,85,2500,29048,Good,0,0,5
CH001066,B0259,Mortgage,185,25000,15844,Poor,0,0,6
CH001067,B0260,Auto Loan,115,10000,7782,Good,5,0,3
CH001068,B0260,Credit Card,51,1000,19995,Good,1,2,4
CH001069,B0260,Auto Loan,136,5000,3236,Fair,1,0,0
CH001070,B0260,Student Loan,91,15000,17545,Good,0,0,0
CH001071,B0260,Personal Loan,193,50000,13107,Good,0,1,2
CH001072,B0261,Auto Loan,92,50000,17528,Excellent,1,1,3
CH001073,B0262,Personal Loan,230,2500,11526,Fair,1,3,3
CH001074,B0262,Mortgage,216,50000,12449,Poor,0,2,7
CH001075,B0263,Mortgage,161,10000,19803,Fair,2,1,0
CH001076,B0263,Student Loan,67,10000,1689,Good,1,0,4
CH001077,B0264,Credit Card,103,2500,10548,Fair,0,1,5
CH001078,B0265,Mortgage,100,2500,14530,Excellent,0,0,0
CH001079,B0265,Student Loan,12,15000,27617,Good,3,0,2
CH001080,B0265,Mortgage,192,50000,21551,Fair,1,1,0
CH001081,B0265,Mortgage,187,15000,8848,Excellent,0,1,0
CH001082,B0265,Mortgage,173,25000,20143,Excellent,0,0,7
CH001083,B0265,Auto Loan,54,50000,2205,Excellent,0,0,4
CH001084,B0266,Credit Card,33,5000,15058,Fair,0,0,3
CH001085,B0266,Credit Card,125,1000,9368,Excellent,0,2,1
CH001086,B0267,Auto Loan,225,50000,16543,Excellent,0,0,5
CH001087,B0267,Personal Loan,189,10000,27563,Fair,0,0,1
CH001088,B0267,Auto Loan,23,15000,7260,Poor,0,0,5
CH001089,B0267,Student Loan,6,5000,12598,Fair,2,0,3
CH001090,B0267,Personal Loan,115,10000,13145,Good,1,0,1
CH001091,B0267,Student Loan,148,1000,16692,Good,0,0,3
CH001092,B0267,Personal Loan,140,50000,13901,Good,0,0,5
CH001093,B0268,Student Loan,213,5000,4053,Good,3,0,5
CH001094,B0268,Personal Loan,200,25000,7313,Fair,2,0,3
CH001095,B0268,Student Loan,60,50000,10815,Excellent,0,0,7
CH001096,B0268,Credit Card,86,15000,18813,Good,0,0,5
CH001097,B0268,Credit Card,73,50000,21524,Excellent,1,1,4
CH001098,B0268,Mortgage,107,25000,22987,Good,0,1,6
CH001099,B0269,Student Loan,173,1000,12996,Fair,0,0,2
CH001100,B0269,Auto Loan,154,10000,15040,Fair,2,1,5
CH001101,B0269,Auto Loan,33,2500,7641,Good,0,0,6
CH001102,B0270,Personal Loan,187,50000,25757,Good,2,0,7
CH001103,B0270,Mortgage,234,50000,12359,Fair,3,0,2
CH001104,B0270,Credit Card,51,1000,21157,Poor,1,0,1
CH001105,B0270,Auto Loan,29,50000,25499,Fair,0,2,5
CH001106,B0270,Mortgage,92,25000,27551,Excellent,1,0,4
CH001107,B0270,Credit Card,38,5000,19875,Poor,0,1,0
CH001108,B0271,Credit Card,80,1000,12822,Poor,1,0,6
CH001109,B0271,Credit Card,103,2500,22481,Excellent,3,0,5
CH001110,B0271,Student Loan,37,2500,2794,Poor,0,0,2
CH001111,B0272,Auto Loan,108,1000,9850,Excellent,0,0,0
CH001112,B0272,Mortgage,24,2500,24886,Excellent,0,0,5
CH001113,B0272,Mortgage,218,1000,17985,Good,0,0,6
CH001114,B0272,Student Loan,26,5000,19885,Fair,0,0,7
CH001115,B0273,Auto Loan,6,2500,8192,Excellent,0,0,3
CH001116,B0273,Auto Loan,93,2500,5279,Excellent,1,0,0
CH001117,B0273,Student Loan,33,50000,25908,Good,0,2,5
CH001118,B0274,Student Loan,39,2500,26639,Excellent,3,0,7
CH001119,B0274,Student Loan,117,25000,21331,Excellent,1,0,2
CH001120,B0274,Auto Loan,116,2500,14391,Good,0,0,4
CH001121,B0274,Personal Loan,93,50000,4442,Excellent,1,0,7
CH001122,B0274,Mortgage,212,50000,22828,Excellent,1,1,2
CH001123,B0274,Personal Loan,199,10000,25046,Good,0,1,1
CH001124,B0274,Credit Card,72,10000,9133,Excellent,3,0,4
CH001125,B0275,Auto Loan,122,1000,8573,Excellent,0,0,1
CH001126,B0275,Credit Card,185,2500,28521,Good,2,0,6
CH001127,B0276,Auto Loan,141,5000,7750,Excellent,0,0,1
CH001128,B0277,Mortgage,7,2500,3260,Poor,1,0,2
CH001129,B0277,Credit Card,202,10000,3237,Excellent,0,0,0
CH001130,B0277,Auto Loan,95,5000,27944,Good,0,0,4
CH001131,B0277,Personal Loan,123,15000,24222,Excellent,1,0,4
CH001132,B0277,Auto Loan,104,15000,6546,Excellent,0,0,5
CH001133,B0277,Mortgage,126,50000,18595,Good,2,1,1
CH001134,B0278,Auto Loan,213,5000,9092,Good,0,0,4
CH001135,B0278,Student Loan,24,50000,10219,Excellent,0,0,6
CH001136,B0278,Personal Loan,151,50000,27008,Good,5,0,5
CH001137,B0278,Mortgage,27,50000,28028,Fair,3,0,4
CH001138,B0278,Student Loan,92,25000,10567,Good,0,0,6
CH001139,B0278,Personal Loan,192,10000,972,Good,10,0,0
CH001140,B0278,Credit Card,81,15000,7818,Good,2,0,4
CH001141,B0279,Auto Loan,36,50000,22307,Excellent,2,0,0
CH001142,B0279,Credit Card,76,2500,26135,Poor,0,2,7
CH001143,B0279,Personal Loan,165,5000,10614,Excellent,1,2,2
CH001144,B0279,Student Loan,13,2500,29154,Good,1,0,4
CH001145,B0279,Personal Loan,178,5000,29665,Fair,3,1,6
CH001146,B0279,Personal Loan,126,2500,29935,Fair,0,0,5
CH001147,B0280,Personal Loan,230,15000,10420,Poor,1,0,1
CH001148,B0280,Credit Card,31,5000,867,Good,2,0,1
CH001149,B0280,Credit Card,49,1000,12189,Excellent,1,1,5
CH001150,B0280,Auto Loan,25,5000,24789,Good,2,0,5
CH001151,B0280,Credit Card,161,2500,4574,Good,0,0,1
CH001152,B0281,Personal Loan,112,5000,20874,Good,0,1,4
CH001153,B0281,Credit Card,78,1000,11540,Fair,1,0,6
CH001154,B0281,Student Loan,41,15000,7347,Excellent,1,0,0
CH001155,B0281,Student Loan,222,1000,27584,Fair,0,0,7
CH001156,B0281,Auto Loan,191,2500,3457,Excellent,0,0,5
CH001157,B0281,Mortgage,111,1000,18563,Fair,0,0,7
CH001158,B0281,Mortgage,30,10000,24070,Good,0,0,2
CH001159,B0282,Credit Card,139,10000,4486,Good,0,0,6
CH001160,B0282,Auto Loan,30,1000,17332,Good,1,0,5
CH001161,B0283,Mortgage,149,1000,26839,Good,0,1,5
CH001162,B0284,Student Loan,192,2500,19597,Poor,0,0,1
CH001163,B0284,Mortgage,152,2500,27566,Excellent,0,0,3
CH001164,B0284,Credit Card,113,50000,6294,Good,0,2,7
CH001165,B0285,Credit Card,134,5000,11021,Excellent,1,0,2
CH001166,B0285,Credit Card,109,15000,21218,Good,1,0,6
CH001167,B0285,Credit Card,230,2500,2450,Fair,2,0,0
CH001168,B0285,Credit Card,33,1000,28414,Fair,5,0,2
CH001169,B0286,Student Loan,155,15000,1428,Excellent,2,0,1
CH001170,B0286,Auto Loan,180,10000,15628,Excellent,0,1,2
CH001171,B0286,Mortgage,188,5000,14624,Good,2,0,3
CH001172,B0286,Credit Card,191,50000,24718,Excellent,0,0,6
CH001173,B0286,Credit Card,207,15000,5710,Excellent,1,1,6
CH001174,B0287,Student Loan,11,1000,6697,Good,0,0,1
CH001175,B0287,Personal Loan,44,10000,6027,Good,1,0,3
CH001176,B0287,Auto Loan,53,25000,13616,Poor,1,1,0
CH001177,B0287,Credit Card,21,5000,12059,Poor,3,0,5
CH001178,B0287,Student Loan,171,10000,19948,Good,0,0,4
CH001179,B0287,Mortgage,79,10000,14529,Excellent,10,0,1
CH001180,B0287,Credit Card,11,50000,3054,Excellent,0,0,4
CH001181,B0288,Student Loan,33,1000,29799,Good,0,1,7
CH001182,B0288,Auto Loan,188,50000,3825,Good,3,1,4
CH001183,B0288,Auto Loan,127,25000,25131,Excellent,0,0,3
CH001184,B0288,Student Loan,225,5000,524,Excellent,1,0,0
CH001185,B0289,Credit Card,187,2500,12039,Fair,2,0,6
CH001186,B0289,Mortgage,136,1000,28428,Excellent,1,0,6
CH001187,B0289,Personal Loan,13,50000,23902,Excellent,1,0,6
CH001188,B0289,Credit Card,62,25000,15762,Good,3,0,7
CH001189,B0289,Auto Loan,145,1000,1046,Good,0,0,0
CH001190,B0289,Credit Card,14,10000,8074,Good,0,0,6
CH001191,B0289,Student Loan,130,2500,24682,Excellent,10,0,1
CH001192,B0290,Mortgage,150,10000,25396,Fair,1,0,5
CH001193,B0290,Student Loan,181,1000,15635,Excellent,0,2,3
CH001194,B0290,Personal Loan,69,50000,22469,Poor,0,0,5
CH001195,B0290,Student Loan,33,50000,9600,Good,1,0,1
CH001196,B0290,Auto Loan,75,50000,29068,Fair,3,0,3
CH001197,B0290,Student Loan,48,15000,5136,Fair,3,2,4
CH001198,B0291,Auto Loan,12,25000,5560,Excellent,0,0,0
CH001199,B0291,Mortgage,211,15000,25247,Excellent,3,0,4
CH001200,B0291,Auto Loan,93,1000,26955,Good,1,1,2
CH001201,B0291,Auto Loan,47,1000,8645,Good,1,1,6
CH001202,B0292,Credit Card,218,2500,13111,Excellent,0,0,1
CH001203,B0292,Mortgage,147,1000,23022,Good,0,0,3
CH001204,B0292,Credit Card,6,2500,5103,Good,0,1,2
CH001205,B0292,Auto Loan,213,15000,6063,Excellent,0,1,6
CH001206,B0293,Credit Card,192,50000,7163,Good,1,0,0
CH001207,B0293,Personal Loan,75,2500,18992,Good,0,0,1
CH001208,B0293,Mortgage,62,2500,7771,Fair,2,1,4
CH001209,B0293,Student Loan,18,5000,25977,Fair,3,0,3
CH001210,B0293,Student Loan,190,25000,36,Good,0,1,3
CH001211,B0294,Student Loan,107,5000,809,Good,3,0,3
CH001212,B0294,Credit Card,193,2500,1982,Excellent,3,1,1
CH001213,B0294,Mortgage,58,10000,1304,Excellent,0,1,6
CH001214,B0294,Mortgage,87,25000,3962,Excellent,5,1,0
CH001215,B0295,Personal Loan,198,5000,13255,Fair,0,1,6
CH001216,B0295,Auto Loan,214,2500,17606,Excellent,1,0,5
CH001217,B0295,Credit Card,142,1000,29284,Fair,0,0,1
CH001218,B0295,Auto Loan,122,5000,954,Excellent,2,1,7
CH001219,B0295,Personal Loan,64,5000,7095,Excellent,1,0,0
CH001220,B0295,Mortgage,39,10000,2519,Excellent,0,0,7
CH001221,B0296,Mortgage,59,50000,25463,Good,0,0,0
CH001222,B0296,Auto Loan,181,25000,3217,Good,0,0,2
CH001223,B0297,Mortgage,141,15000,17331,Poor,0,1,7
CH001224,B0297,Student Loan,66,1000,531,Good,1,0,5
CH001225,B0297,Mortgage,158,50000,7608,Good,2,0,3
CH001226,B0298,Mortgage,51,10000,18713,Excellent,0,0,1
CH001227,B0299,Auto Loan,84,15000,7509,Excellent,2,2,6
CH001228,B0300,Auto Loan,227,10000,11374,Good,0,1,4
CH001229,B0300,Credit Card,25,5000,26809,Excellent,0,0,2
CH001230,B0300,Credit Card,141,5000,27922,Poor,2,0,3
CH001231,B0300,Mortgage,56,25000,28239,Good,0,2,0
CH001232,B0300,Student Loan,219,25000,19974,Good,1,1,7
CH001233,B0300,Student Loan,59,50000,5049,Excellent,0,2,7
CH001234,B0301,Credit Card,136,2500,15279,Good,5,0,7
CH001235,B0301,Auto Loan,143,50000,24536,Good,1,0,2
CH001236,B0301,Auto Loan,232,1000,2134,Fair,0,0,2
CH001237,B0301,Credit Card,101,15000,23042,Good,3,0,0
CH001238,B0301,Personal Loan,153,15000,14992,Excellent,1,0,1
CH001239,B0301,Student Loan,17,50000,13711,Fair,0,0,1
CH001240,B0301,Personal Loan,116,10000,8843,Good,1,1,7
CH001241,B0302,Mortgage,239,5000,16623,Excellent,2,1,5
CH001242,B0303,Personal Loan,128,10000,24117,Good,2,0,3
CH001243,B0303,Personal Loan,137,2500,10227,Good,0,1,6
CH001244,B0303,Mortgage,214,15000,17868,Fair,0,0,4
CH001245,B0303,Student Loan,157,15000,29046,Excellent,0,0,0
CH001246,B0303,Credit Card,129,2500,23756,Excellent,1,0,7
CH001247,B0303,Student Loan,231,5000,8441,Fair,0,0,2
CH001248,B0303,Credit Card,207,5000,3369,Good,2,0,3
CH001249,B0304,Student Loan,65,2500,19622,Excellent,0,2,5
CH001250,B0304,Student Loan,67,5000,2101,Good,3,0,1
CH001251,B0304,Credit Card,50,15000,25427,Excellent,0,0,2
CH001252,B0304,Student Loan,162,25000,27664,Good,0,0,0
CH001253,B0304,Personal Loan,42,50000,28370,Good,2,0,4
CH001254,B0304,Personal Loan,93,2500,25457,Excellent,0,0,2
CH001255,B0305,Auto Loan,31,2500,675,Good,0,0,4
CH001256,B0305,Credit Card,181,2500,21318,Excellent,0,2,3
CH001257,B0305,Personal Loan,169,1000,15582,Fair,0,0,6
CH001258,B0305,Personal Loan,105,1000,17029,Fair,3,0,5
CH001259,B0306,Personal Loan,106,15000,2655,Poor,0,3,4
CH001260,B0306,Mortgage,17,10000,19817,Excellent,0,0,1
CH001261,B0306,Credit Card,186,10000,2488,Excellent,3,0,7
CH001262,B0306,Personal Loan,82,5000,7977,Excellent,0,0,5
CH001263,B0306,Student Loan,210,25000,8436,Poor,0,0,0
CH001264,B0307,Credit Card,8,2500,12697,Fair,0,0,3
CH001265,B0307,Credit Card,223,15000,23470,Good,0,0,3
CH001266,B0307,Personal Loan,177,50000,20448,Good,0,1,1
CH001267,B0307,Student Loan,159,25000,10220,Good,3,0,4
CH001268,B0308,Credit Card,43,1000,12580,Excellent,5,1,7
CH001269,B0308,Personal Loan,11,15000,1935,Good,0,3,5
CH001270,B0308,Student Loan,175,2500,735,Good,1,2,6
CH001271,B0308,Mortgage,233,1000,12610,Excellent,0,0,7
CH001272,B0309,Personal Loan,196,2500,29086,Excellent,0,0,0
CH001273,B0309,Mortgage,51,1000,9913,Excellent,0,0,0
CH001274,B0309,Personal Loan,110,1000,28173,Poor,5,0,7
CH001275,B0309,Auto Loan,109,25000,22232,Good,1,0,2
CH001276,B0309,Mortgage,117,15000,1431,Good,0,1,7
CH001277,B0309,Student Loan,225,1000,4385,Good,2,0,3
CH001278,B0309,Auto Loan,56,1000,12636,Excellent,2,0,7
CH001279,B0310,Mortgage,88,5000,8714,Good,2,1,5
CH001280,B0310,Credit Card,213,2500,18944,Excellent,1,0,3
CH001281,B0310,Credit Card,96,2500,29745,Excellent,0,0,1
CH001282,B0310,Auto Loan,47,2500,1084,Good,1,2,6
CH001283,B0310,Student Loan,187,5000,24475,Excellent,0,0,2
CH001284,B0310,Student Loan,106,5000,12159,Excellent,0,1,1
CH001285,B0310,Student Loan,142,10000,17929,Excellent,3,3,6
CH001286,B0311,Personal Loan,34,2500,19164,Fair,1,2,6
CH001287,B0311,Mortgage,159,10000,24914,Good,0,0,2
CH001288,B0311,Student Loan,98,50000,7453,Good,0,1,6
CH001289,B0311,Auto Loan,224,5000,11655,Fair,1,0,7
CH001290,B0311,Student Loan,94,10000,25532,Good,3,0,0
CH001291,B0312,Credit Card,118,50000,17477,Poor,0,1,7
CH001292,B0312,Student Loan,238,25000,12544,Poor,0,1,2
CH001293,B0312,Credit Card,157,15000,18361,Excellent,0,0,6
CH001294,B0312,Auto Loan,221,1000,3597,Poor,0,0,2
CH001295,B0313,Auto Loan,69,25000,23304,Excellent,0,3,1
CH001296,B0313,Mortgage,187,2500,22052,Excellent,1,0,2
CH001297,B0314,Personal Loan,92,2500,6711,Good,1,0,3
CH001298,B0314,Auto Loan,47,5000,9800,Good,0,0,1
CH001299,B0314,Personal Loan,26,15000,13383,Fair,5,3,5
CH001300,B0314,Student Loan,191,1000,22088,Excellent,0,0,5
CH001301,B0314,Student Loan,206,10000,13860,Excellent,0,0,0
CH001302,B0315,Mortgage,130,1000,15629,Poor,1,3,2
CH001303,B0315,Credit Card,218,1000,16363,Excellent,0,0,7
CH001304,B0316,Auto Loan,148,25000,8819,Poor,0,2,2
CH001305,B0316,Mortgage,238,1000,16212,Good,0,2,7
CH001306,B0316,Student Loan,207,50000,24195,Excellent,0,2,4
CH001307,B0316,Personal Loan,125,25000,28528,Excellent,0,0,0
CH001308,B0316,Auto Loan,223,5000,19481,Excellent,2,0,6
CH001309,B0316,Student Loan,43,50000,20947,Fair,1,0,1
CH001310,B0316,Student Loan,159,10000,15492,Poor,2,0,0
CH001311,B0317,Personal Loan,109,25000,12501,Good,0,1,4
CH001312,B0317,Auto Loan,161,5000,26325,Good,1,0,3
CH001313,B0317,Credit Card,106,5000,11080,Fair,0,1,3
CH001314,B0317,Credit Card,117,50000,19257,Fair,5,0,7
CH001315,B0317,Personal Loan,223,2500,19589,Excellent,1,2,6
CH001316,B0318,Auto Loan,127,15000,27850,Fair,1,0,6
CH001317,B0318,Student Loan,232,15000,1014,Good,0,0,0
CH001318,B0318,Auto Loan,231,5000,1955,Fair,0,1,6
CH001319,B0318,Personal Loan,101,10000,9099,Excellent,0,0,2
CH001320,B0318,Mortgage,14,2500,2534,Good,1,0,6
CH001321,B0318,Credit Card,49,15000,22562,Excellent,0,0,1
CH001322,B0319,Credit Card,220,50000,3739,Fair,0,0,5
CH001323,B0319,Personal Loan,221,15000,13746,Good,0,2,1
CH001324,B0319,Credit Card,128,10000,19779,Fair,3,0,6
CH001325,B0319,Mortgage,233,25000,16493,Fair,0,0,1
CH001326,B0319,Credit Card,233,10000,8580,Good,5,0,7
CH001327,B0320,Mortgage,70,50000,1855,Good,0,3,6
CH001328,B0320,Auto Loan,178,10000,26227,Good,0,0,5
CH001329,B0320,Personal Loan,168,1000,17739,Good,10,0,6
CH001330,B0320,Auto Loan,55,50000,22885,Good,0,1,6
CH001331,B0320,Auto Loan,51,5000,13044,Good,0,0,3
CH001332,B0321,Personal Loan,89,5000,23065,Poor,0,0,6
CH001333,B0322,Mortgage,186,1000,19076,Excellent,0,0,3
CH001334,B0323,Personal Loan,64,2500,12467,Excellent,0,0,0
CH001335,B0323,Auto Loan,224,25000,3086,Excellent,2,0,4
CH001336,B0323,Personal Loan,129,25000,26295,Good,5,0,1
CH001337,B0323,Student Loan,27,15000,2291,Good,3,2,7
CH001338,B0323,Personal Loan,23,25000,17591,Good,0,0,1
CH001339,B0323,Auto Loan,183,5000,8972,Good,0,3,2
CH001340,B0324,Credit Card,148,50000,10366,Excellent,0,1,6
CH001341,B0324,Student Loan,78,25000,27586,Excellent,0,1,0
CH001342,B0324,Credit Card,10,50000,3185,Fair,0,0,2
CH001343,B0324,Auto Loan,175,25000,24678,Poor,0,0,6
CH001344,B0325,Auto Loan,207,2500,16472,Excellent,0,0,3
CH001345,B0325,Student Loan,145,5000,21983,Fair,0,0,7
CH001346,B0325,Student Loan,74,50000,27946,Poor,1,1,3
CH001347,B0325,Mortgage,56,10000,6372,Fair,0,0,5
CH001348,B0326,Mortgage,205,15000,5831,Excellent,1,0,3
CH001349,B0326,Auto Loan,93,25000,5817,Excellent,2,0,2
CH001350,B0326,Mortgage,139,2500,25707,Fair,0,0,1
CH001351,B0326,Auto Loan,53,5000,24945,Excellent,0,0,6
CH001352,B0326,Personal Loan,77,50000,9849,Good,0,0,4
CH001353,B0326,Student Loan,72,15000,16967,Excellent,3,0,2
CH001354,B0326,Student Loan,122,25000,18604,Poor,0,2,0
CH001355,B0327,Auto Loan,172,10000,26592,Good,0,0,7
CH001356,B0327,Mortgage,172,25000,4558,Good,3,1,1
CH001357,B0327,Personal Loan,60,15000,620,Fair,0,0,4
CH001358,B0327,Student Loan,21,25000,17421,Excellent,5,1,4
CH001359,B0328,Mortgage,15,1000,14578,Good,1,0,2
CH001360,B0329,Student Loan,91,15000,26278,Excellent,0,3,3
CH001361,B0329,Personal Loan,47,1000,598,Good,0,0,0
CH001362,B0329,Mortgage,190,2500,13220,Poor,1,0,7
CH001363,B0329,Credit Card,16,25000,29179,Good,0,1,7
CH001364,B0329,Auto Loan,148,25000,28205,Fair,3,0,5
CH001365,B0329,Auto Loan,66,25000,6880,Fair,1,0,1
CH001366,B0329,Mortgage,115,15000,20776,Excellent,0,0,7
CH001367,B0330,Auto Loan,218,25000,3824,Good,2,0,0
CH001368,B0330,Credit Card,186,5000,10683,Fair,1,0,7
CH001369,B0330,Mortgage,169,5000,29932,Good,1,1,6
CH001370,B0330,Mortgage,232,2500,24378,Good,0,0,1
CH001371,B0330,Credit Card,214,1000,1835,Excellent,1,0,4
CH001372,B0330,Student Loan,238,2500,906,Poor,1,1,2
CH001373,B0330,Mortgage,81,5000,15911,Good,0,0,5
CH001374,B0331,Student Loan,216,10000,5176,Excellent,0,0,4
CH001375,B0331,Student Loan,41,25000,18016,Excellent,2,1,2
CH001376,B0331,Credit Card,69,50000,28251,Fair,0,0,0
CH001377,B0331,Student Loan,185,10000,27516,Excellent,0,0,4
CH001378,B0332,Personal Loan,71,2500,5830,Good,0,0,2
CH001379,B0332,Mortgage,200,2500,6993,Fair,1,0,7
CH001380,B0332,Auto Loan,64,2500,16513,Fair,0,0,2
CH001381,B0333,Auto Loan,19,1000,27854,Good,2,0,1
CH001382,B0334,Auto Loan,109,25000,9670,Poor,1,0,1
CH001383,B0334,Student Loan,118,15000,11646,Good,2,1,5
CH001384,B0335,Auto Loan,209,2500,13083,Excellent,2,0,0
CH001385,B0336,Credit Card,130,25000,24088,Excellent,0,0,5
CH001386,B0336,Mortgage,230,2500,15925,Good,1,0,5
CH001387,B0337,Mortgage,39,10000,22941,Poor,3,0,5
CH001388,B0337,Mortgage,166,5000,18069,Good,0,0,3
CH001389,B0337,Personal Loan,10,25000,15525,Good,2,0,0
CH001390,B0337,Student Loan,89,15000,683,Excellent,1,1,4
CH001391,B0337,Student Loan,18,2500,15758,Fair,0,3,4
CH001392,B0338,Student Loan,52,25000,2550,Fair,0,0,4
CH001393,B0338,Credit Card,64,15000,21164,Fair,1,0,1
CH001394,B0338,Personal Loan,28,15000,8353,Fair,0,0,7
CH001395,B0339,Personal Loan,22,25000,6950,Fair,0,1,1
CH001396,B0339,Credit Card,122,2500,15378,Fair,3,0,1
CH001397,B0339,Student Loan,39,50000,27630,Excellent,0,0,5
CH001398,B0339,Student Loan,126,5000,8834,Good,0,0,3
CH001399,B0339,Personal Loan,142,25000,18594,Fair,0,0,7
CH001400,B0339,Personal Loan,157,2500,27449,Excellent,0,0,6
CH001401,B0340,Student Loan,151,1000,6261,Good,1,1,3
CH001402,B0340,Student Loan,142,15000,10683,Good,5,1,1
CH001403,B0340,Mortgage,121,15000,12857,Poor,0,0,0
CH001404,B0340,Mortgage,22,25000,13423,Good,1,0,7
CH001405,B0340,Personal Loan,17,10000,1751,Excellent,0,0,7
CH001406,B0340,Student Loan,85,2500,11315,Excellent,3,0,7
CH001407,B0340,Mortgage,235,10000,20008,Excellent,1,0,3
CH001408,B0341,Auto Loan,200,2500,11892,Fair,2,1,5
CH001409,B0342,Personal Loan,21,25000,28103,Excellent,0,2,0
CH001410,B0342,Auto Loan,221,1000,17752,Fair,10,0,0
CH001411,B0342,Credit Card,128,50000,393,Excellent,0,2,5
CH001412,B0342,Auto Loan,23,50000,13879,Fair,0,0,2
CH001413,B0342,Student Loan,52,50000,24426,Good,3,1,0
CH001414,B0342,Auto Loan,148,1000,25646,Poor,10,1,4
CH001415,B0343,Credit Card,136,15000,13627,Poor,1,0,3
CH001416,B0343,Auto Loan,202,50000,1611,Fair,1,0,3
CH001417,B0343,Mortgage,141,50000,16737,Good,3,1,4
CH001418,B0344,Mortgage,180,15000,13073,Poor,0,0,2
CH001419,B0344,Personal Loan,26,50000,6844,Poor,1,2,2
CH001420,B0344,Auto Loan,80,25000,3665,Fair,2,0,2
CH001421,B0344,Mortgage,175,50000,7798,Good,3,0,7
CH001422,B0344,Mortgage,31,5000,22074,Excellent,2,0,0
CH001423,B0345,Student Loan,91,50000,1014,Excellent,0,0,2
CH001424,B0346,Personal Loan,167,5000,9892,Fair,0,0,3
CH001425,B0346,Auto Loan,222,1000,24434,Good,2,0,4
CH001426,B0347,Auto Loan,76,10000,11860,Fair,0,0,1
CH001427,B0347,Student Loan,40,50000,15333,Fair,3,0,6
CH001428,B0347,Mortgage,79,50000,3009,Good,0,0,7
CH001429,B0347,Mortgage,184,15000,26114,Fair,1,2,2
CH001430,B0347,Student Loan,224,1000,13054,Poor,0,0,1
CH001431,B0348,Student Loan,191,2500,6861,Fair,0,0,4
CH001432,B0348,Auto Loan,50,50000,28640,Good,0,0,3
CH001433,B0348,Student Loan,85,2500,20118,Excellent,0,0,2
CH001434,B0348,Auto Loan,11,1000,12349,Excellent,0,0,1
CH001435,B0349,Auto Loan,174,2500,2355,Fair,0,0,6
CH001436,B0349,Student Loan,172,25000,3657,Good,0,1,6
CH001437,B0349,Student Loan,160,25000,13781,Excellent,0,0,5
CH001438,B0349,Credit Card,13,2500,14332,Fair,1,0,7
CH001439,B0349,Auto Loan,140,10000,24413,Excellent,2,0,5
CH001440,B0350,Auto Loan,32,25000,10698,Fair,1,0,5
CH001441,B0350,Mortgage,180,15000,8949,Excellent,1,0,5
CH001442,B0350,Credit Card,113,2500,29992,Excellent,3,0,3
CH001443,B0350,Credit Card,231,15000,15072,Excellent,10,0,4
CH001444,B0350,Student Loan,195,1000,21931,Excellent,2,0,2
CH001445,B0350,Credit Card,194,25000,24885,Fair,0,0,0
CH001446,B0351,Credit Card,232,15000,1116,Excellent,0,0,3
CH001447,B0351,Personal Loan,193,1000,16271,Excellent,5,0,7
CH001448,B0351,Student Loan,98,1000,14147,Excellent,0,3,2
CH001449,B0351,Personal Loan,181,5000,28763,Excellent,0,1,7
CH001450,B0351,Auto Loan,78,15000,25522,Excellent,0,1,7
CH001451,B0351,Personal Loan,164,10000,17386,Excellent,1,0,7
CH001452,B0352,Student Loan,149,2500,23053,Good,0,0,1
CH001453,B0352,Mortgage,78,5000,7507,Excellent,0,0,6
CH001454,B0352,Mortgage,72,15000,24220,Excellent,2,0,1
CH001455,B0353,Student Loan,140,5000,21002,Good,2,1,7
CH001456,B0353,Credit Card,117,50000,24292,Poor,1,0,4
CH001457,B0353,Personal Loan,42,25000,2661,Poor,1,0,7
CH001458,B0354,Mortgage,136,1000,26324,Good,0,0,6
CH001459,B0354,Student Loan,152,2500,29223,Fair,0,1,6
CH001460,B0354,Student Loan,83,50000,4313,Good,0,3,5
CH001461,B0354,Credit Card,93,2500,29566,Good,5,1,6
CH001462,B0355,Mortgage,15,1000,24490,Excellent,0,0,4
CH001463,B0355,Auto Loan,216,5000,26044,Good,0,0,2
CH001464,B0355,Auto Loan,75,10000,4886,Excellent,0,0,7
CH001465,B0355,Credit Card,183,1000,14450,Excellent,0,1,2
CH001466,B0355,Student Loan,76,15000,15161,Excellent,0,0,3
CH001467,B0355,Auto Loan,222,50000,9329,Good,1,0,3
CH001468,B0355,Student Loan,168,25000,26278,Good,1,1,7
CH001469,B0356,Credit Card,146,25000,25262,Excellent,0,1,6
CH001470,B0356,Mortgage,183,2500,14878,Fair,1,0,3
CH001471,B0357,Credit Card,171,50000,6685,Good,5,0,6
CH001472,B0357,Mortgage,196,50000,193,Excellent,1,0,2
CH001473,B0357,Credit Card,20,1000,23538,Excellent,0,0,3
CH001474,B0357,Mortgage,183,2500,14153,Excellent,0,0,5
CH001475,B0358,Auto Loan,104,2500,93,Excellent,2,1,1
CH001476,B0358,Auto Loan,219,25000,21005,Excellent,0,1,4
CH001477,B0358,Mortgage,174,2500,26207,Good,0,1,3
CH001478,B0358,Student Loan,15,5000,26801,Fair,0,0,0
CH001479,B0358,Student Loan,96,5000,28014,Good,0,0,7
CH001480,B0358,Mortgage,20,50000,3436,Fair,1,0,0
CH001481,B0358,Student Loan,35,50000,27987,Excellent,0,0,2
CH001482,B0359,Auto Loan,147,2500,24881,Excellent,3,0,6
CH001483,B0359,Personal Loan,89,50000,6495,Fair,0,0,4
CH001484,B0359,Credit Card,129,50000,15193,Excellent,2,0,2
CH001485,B0359,Auto Loan,208,25000,9824,Good,1,2,3
CH001486,B0359,Auto Loan,65,1000,29757,Good,1,0,5
CH001487,B0359,Mortgage,98,2500,28348,Excellent,1,0,7
CH001488,B0359,Credit Card,61,1000,21863,Good,0,0,6
CH001489,B0360,Student Loan,100,25000,6590,Excellent,0,0,5
CH001490,B0360,Credit Card,154,5000,16037,Fair,0,0,5
CH001491,B0360,Credit Card,49,10000,28936,Good,0,0,6
CH001492,B0360,Student Loan,191,15000,1075,Excellent,0,0,1
CH001493,B0360,Personal Loan,133,5000,12368,Excellent,1,0,4
CH001494,B0361,Credit Card,160,5000,23611,Excellent,0,0,4
CH001495,B0361,Auto Loan,198,10000,17881,Excellent,0,0,5
CH001496,B0362,Auto Loan,6,15000,7445,Good,5,0,3
CH001497,B0362,Credit Card,47,2500,21830,Fair,0,1,6
CH001498,B0363,Mortgage,209,1000,23066,Fair,3,1,4
CH001499,B0364,Credit Card,135,1000,29778,Excellent,0,0,5
CH001500,B0364,Auto Loan,103,5000,18007,Good,0,0,0
